business_id,birank_score,rank,name
3832761,0.001375328060657913,1,La_Cafeteria
9711469,0.0012569367206006865,2,Sowa_Restaurant
4304428,0.0012538289476807408,3,Maureens_Pie_Mash
3339988,0.001219826841337975,4,GWR_Pullman_Dining
12966086,0.0011989473113478118,5,The_Coal_Shed
4697744,0.0011592963930741184,6,Hand_in_Hand
966194,0.0011199467817082712,7,All_Bar_One_Wimbledon
1044399,0.0010641572050112667,8,The_Magpie
807103,0.0010386157991146684,9,Tomoe
6539433,0.0010383716116475641,10,Lime_and_Thyme
1073524,0.0010316736216268987,11,Punto_Italian_Restaurant
4976301,0.0010255289241777443,12,Augustine_Kitchen
1017663,0.001021142428347004,13,Park_Terrace_Restaurant
12542278,0.0010139366975753317,14,129_HRD
6950173,0.001010495450550639,15,Verdi_s
1016879,0.0010084316742194682,16,Oslo_Court
2365948,0.0010076532784718754,17,Cote_Brasserie_Ealing
1817951,0.0009974178675142098,18,Gauthier_Soho
1739082,0.0009672229095827076,19,Haven_Bistro_and_Bar
6635056,0.0009580652052450891,20,Fig_Tree_Cafe
718512,0.0009549843378929225,21,Cibo
4925053,0.0009418192378553012,22,Pizza_Sophia
2359208,0.0009404105966720017,23,The_White_Onion
2542370,0.0009392784296981944,24,Friends_of_Flavours
804653,0.0009372011992018702,25,Indian_Moment
2165221,0.0009309049846502256,26,Smith_s
7189021,0.0009287115941159581,27,Pure_Indian_Cooking
2507902,0.0009256927704264309,28,The_Spice_Indian_Restaurant
4342080,0.0009247187496051299,29,The_Little_Thai
720941,0.0009240537365189752,30,Wiltons
2641744,0.0009214028927806288,31,Hala
9981016,0.0009172617702439685,32,Table_Du_Marche
2626185,0.0009105849626384747,33,Provender
2614267,0.0009066718947138566,34,The_Red_Lion
698083,0.0009021532626691934,35,Babur_Restaurant
734055,0.0008993279785216706,36,Antipasto_Pasta_Fresh_Pasta
2089112,0.0008954879272106163,37,Panas_Gurkha_Restaurant
2241866,0.0008890907928726489,38,Luna_Nuova
2507984,0.000887480692989872,39,Colonies
1075911,0.0008860639810456757,40,Cote_Brasserie_Wimbledon
1014046,0.0008833555189102824,41,Bellamy_s_Restaurant
680470,0.0008752551452816059,42,A_Wong
3834264,0.0008743009983300199,43,Les_Douceurs_de_la_Tentation
1898816,0.0008734875320987935,44,Genzo_Greek
731363,0.000871142447561934,45,Joanna_s
680383,0.0008703431487048737,46,Brasserie_Blanc
3438194,0.0008702040459023511,47,The_Londesborough
2256065,0.0008668494795951707,48,Paradise_Hampstead_Indian
10188040,0.0008651819332779901,49,Plough_Way_Cafe
1500418,0.0008625577359532274,50,Carob_Tree_Restaurant
719681,0.0008621704260890645,51,Le_Cafe_du_Marche
6519309,0.0008606985492133685,52,Leila_Moroccan_and_Lebanese_Restaurant
1089621,0.0008604566751883826,53,Paolo_s_Italian_Ristorante
4056276,0.0008575666726172962,54,Agra_Restaurant
3916918,0.0008558536478549593,55,L_Antica_Pizzeria
3254595,0.0008541421377993522,56,Brasserie_Zedel
3253550,0.0008540871139441802,57,That_s_Amore_by_Fonte
717849,0.000853053652707216,58,Bradley_s
10687556,0.0008516276720415317,59,Firebrand_Pizza
2361055,0.0008498258208400803,60,The_Kitchen
7744413,0.0008460139965108947,61,Darwin_Brasserie
2434265,0.0008432993228775567,62,The_Delaunay
3605258,0.0008429814088929408,63,Michael_Nadra_Primrose_Hill_Brasserie_Bar
6893611,0.0008406682527251983,64,Yak_Yeti_Finsbury_Park
719668,0.000839694091891358,65,Langans_Brasserie
719686,0.0008392267582181454,66,Le_Colombier
2001431,0.0008378771213530194,67,Quartier_Restaurant_Eight_Members_Club
2008552,0.0008369081020258299,68,The_Larrik
779363,0.0008363633848040012,69,Sale_e_Pepe
2239923,0.000836075523275357,70,The_Rising_Sun
718485,0.0008328044251292224,71,Chez_Bruce
11840219,0.0008325772561582839,72,Grand_Trunk_Road
733797,0.0008309864287976819,73,Salsa
8052658,0.0008304109723380814,74,The_Bar_at_Fortnum_Mason_Terminal_5
3526627,0.0008295732718530567,75,Le_Comptoir
719718,0.0008294782438839019,76,The_Light_House
12392164,0.000828680483064007,77,Arthur_Hooper_s
2009271,0.0008285941116922653,78,Cafe_Amisha
720063,0.0008280321601182836,79,Mohsen
718520,0.0008274622143986028,80,City_Barge
719657,0.0008261778872004888,81,La_Trompette
6405424,0.0008235664144652714,82,Roxie_Steak_Putney
7762325,0.0008222837448481647,83,Tokyo_Sukiyaki_Tei
2405494,0.0008216611909335922,84,Pie_Crust
7589353,0.000821276305539618,85,Alexandrie_Restaurant
4177785,0.0008211906939588888,86,Pakhtoon_Restaurant
734127,0.0008207046529448277,87,Gem_Restaurant
3419094,0.0008201969129270715,88,Bon_Gusto
1801860,0.000820128540991073,89,Tomo_Pizzeria_Restaurant
718523,0.0008182512707093403,90,Ciullosteria
3531043,0.000817406624860847,91,Il_Girasole
2253769,0.0008168931110776525,92,Cote_Brasserie_Chiswick
10410215,0.0008167528790547193,93,Trinity_Restaurant
12873054,0.0008159901423805765,94,Miller_Carter
1044298,0.0008151587274996175,95,Karavas
733537,0.000811233624662163,96,Bentley_s_Oyster_Bar_Grill
5894069,0.0008109906247923716,97,Radhuni_Southgate
1389705,0.0008099844565286685,98,Red_Chilli
2014345,0.0008093333248165594,99,Nissi_Mezedakia_Restaurant
5294217,0.000808459093280356,100,Maximo_Italian_Bistrot
11672129,0.0008084288752405279,101,Elystan_Street
1474971,0.0008067784549521584,102,Royal_Court_Bar_Kitchen
3765760,0.0008061697597793537,103,Cote_Brasserie_Blackheath
2558058,0.0008047948601163615,104,Otto_s
2625702,0.0008014258229989147,105,E_Four_Indian_Fusion
7155198,0.0008013641691621905,106,The_Colony_Grill_Room
3419712,0.0007991560266908504,107,The_Banc
1799517,0.0007989012360283352,108,Palmers
8363944,0.0007988997658242512,109,Smith_Wollensky
717921,0.0007977167522001182,110,Cafe_Spice_Namaste
2479174,0.0007972590908866138,111,Dial_Arch
8680455,0.0007963590020640003,112,45_Jermyn_St
796521,0.0007950934220946067,113,Scott_s
1367710,0.0007932479751051165,114,Barcelona_Tapas_Bar_Y_Restaurante
1404769,0.0007932313574241267,115,High_Timber
732100,0.0007921936648654118,116,Le_Sacre_Coeur
7142930,0.000791989021744005,117,Emmeline_s_Lounge
719340,0.0007918439327696648,118,Hunan
2555408,0.0007914390593622504,119,Misto
4097272,0.0007893123931670551,120,Kaspar_s_at_The_Savoy
732909,0.0007892801381156946,121,La_Cage_Imaginaire
2298216,0.0007888398081824475,122,Bar_Remo
1137197,0.0007878790453578151,123,Murano
1016178,0.0007876160919406164,124,Comptoir_Gascon
5856902,0.0007875165559439848,125,Bayleaf_Restaurant
12451505,0.0007870747226230373,126,Patri_Hammersmith
1125063,0.0007852479261208374,127,Mosimann_s_Club
9747239,0.0007850410123785426,128,Volare
1906560,0.0007837671093708168,129,Brasserie_Blanc_Threadneedle_Street
1495284,0.0007835122873883517,130,Meraz
2000082,0.0007819448990617687,131,Vasco_Piero_s_Pavilion_Restaurant
2421753,0.0007814320605486051,132,Spice_Village_Tooting
8326503,0.0007802759009861708,133,Istanbul_Restaurant
10464167,0.0007798467527963474,134,Blandford_Comptoir
8756059,0.0007797012796651092,135,Pizzetta_Pizza
733545,0.0007792627424350339,136,Lowlander
2173419,0.0007785250243444811,137,Chiswell_Street_Dining_Rooms
9709112,0.0007772451043058095,138,Capricci
719389,0.0007768299556326996,139,Joe_Allen
3486137,0.0007758881205767048,140,Heliot_Steak_House
967477,0.0007754673870496851,141,Delfino
2349687,0.0007751070350240856,142,Chinese_Cricket_Club
8844364,0.000772775603915179,143,The_Greenhouse_Deptford
8754564,0.0007711653512654956,144,The_Taproom
2164836,0.0007705024415824854,145,Cote_Brasserie_St_Martin_s_Lane
3869685,0.0007701578785993572,146,Sunday_Champagne_Brunch_at_The_Landmark_London
2332349,0.0007695142364391361,147,CUT_at_45_Park_Lane
7991265,0.0007693335049852759,148,The_Royal_Air_Force_Club
720703,0.0007692849166148232,149,The_Bell_Crown
3459539,0.000768882134713475,150,Cicchetti
5517470,0.0007659008912656849,151,Cafe_Murano_St_James
719379,0.0007643246999024067,152,J_Sheekey
3845792,0.0007640265595315397,153,Mountain_View_Restaurant_Greenwich
8606711,0.0007633652299162573,154,Artist_Residence_Clubhouse
2095838,0.0007630338501628997,155,Pollen_Street_Social
680479,0.0007627249139402004,156,Cecconi_s_Mayfair
2410351,0.000762465784985516,157,Vinoteca_Marylebone
3358142,0.0007616403675391997,158,South_Place_Chop_House
2144126,0.0007566867481435047,159,Medlar
1493949,0.0007553053389694593,160,Conchiglia
1123396,0.0007546557901743189,161,Little_Sardegna
1017703,0.0007541894171370624,162,The_Rib_Room_Bar_Restaurant
1367600,0.0007541315878497106,163,Eastway_Brasserie
1044040,0.000753191364688335,164,Cosmoba
1382002,0.000751570435117017,165,Goodman
1044584,0.0007505583988552094,166,The_Rajdoot
1903212,0.0007505091669431121,167,The_Goring_Dining_Room
803526,0.0007501648217836585,168,Theo_Randall_at_the_InterContinental
717911,0.0007497870369972831,169,Butlers_Wharf_Chop_House
1044661,0.0007495492440251421,170,Zaman
731449,0.0007492973637166893,171,Everest_Inn_Blackheath_Village
718583,0.0007489560537188052,172,Da_Mario_Covent_Garden
2303589,0.0007488499137387059,173,The_Dean_Swift
7983104,0.0007478003073239341,174,Gordon_Ramsay_Maze_Grill_Park_Walk
3389685,0.0007472717869675265,175,Cote_Brasserie_Hampstead
12547499,0.0007470997243795203,176,Humble_Grape_Islington
2663600,0.0007468440197129129,177,Red_Lion_and_Sun
7191171,0.0007466704001082372,178,L_Amorosa
966856,0.0007452804590663829,179,Bombay_Palace
2720705,0.000743254019717463,180,Strand_Cafe
719682,0.0007432483117577231,181,Le_Caprice
4465733,0.0007430907534658714,182,The_Black_Prince_Pub
737177,0.000743049923384288,183,Boulevard_Brasserie
2198638,0.0007423758493190473,184,Jose_Tapas_Bar
5784898,0.0007421837063027848,185,Manuel_s_Restaurant_and_Bar
2013693,0.0007419150626216528,186,Halal_Restaurant
1865772,0.0007415962645611076,187,Bombay_Spice
3600234,0.0007415367160001117,188,Al_Santo_Restaurant
1017654,0.0007413376327222764,189,Palm_Court_Brasserie
1381066,0.0007394756269194538,190,500_Restaurant
1019282,0.0007392565554170281,191,Noura_Knightsbridge
2410698,0.0007391157195595681,192,Cirilo_Filipino_Kainan
3243623,0.0007383574824438845,193,Piccolo_bar
1841371,0.0007372709317114768,194,Terry_s_Cafe_London
6697947,0.0007370794354019508,195,Fischer_s
730315,0.0007368563777932745,196,Riccardo_s_Restaurant
797153,0.000736845397089502,197,Applebee_s_Fish
7597548,0.0007363108639186777,198,Yama_Momo
731195,0.0007347648133126616,199,Scalini
734258,0.000734667008035682,200,Ffiona_s
1571993,0.000734456850878111,201,Great_Central_Bar_and_Restaurant
1026943,0.0007340728016745783,202,The_Blue_Door_Bistro
734233,0.0007333121732294714,203,Yming
7932677,0.000733195523799497,204,Flat_Three_Restaurant
8604084,0.0007327968071244268,205,Estiatorio_Milos
866455,0.000731980138952401,206,A_Torre
983104,0.0007309091036561803,207,La_Luna
6637432,0.0007307262208713517,208,The_Rosebery
1059325,0.000728884399934804,209,Hache
731176,0.0007286631518738743,210,Skylon
1382014,0.0007276152963909105,211,Toulouse_Lautrec
1233703,0.000726698335893848,212,Bocca_di_Lupo
1804325,0.000726417975016185,213,Bar_Boulud
7192784,0.0007257563784352067,214,Villa_Di_Geggiano
7707197,0.0007254832859367394,215,Blacklock_Soho
6653165,0.0007242762525437741,216,El_Ganso
8784792,0.0007238174925389596,217,The_Ivy_Cafe_Marylebone
1006776,0.0007233098902163725,218,Meze_Mangal
7284966,0.0007228121889151766,219,The_Ivy_Market_Grill
3459149,0.0007226468879005794,220,Dama_de_Elche
1367676,0.0007223479054628953,221,Bel_Canto_Restaurant
7080937,0.0007219401815416,222,Anima_e_Cuore
1019304,0.0007217824962399568,223,Randall_Aubin
953728,0.0007216330698945923,224,Simply_Indian
719675,0.000721354370910678,225,Launceston_Place
1016140,0.0007212962955490856,226,El_Metro
942154,0.0007210773838588379,227,La_Poule_au_Pot
719268,0.0007204541205762382,228,The_Greenhouse
7194792,0.000719865973492936,229,Nurjenna_Finest_Indian_Cuisine
10389401,0.0007189264891145738,230,The_Ivy_Cafe_Wimbledon
3257713,0.0007188748720389925,231,Cote_Brasserie_St_Christophers_Place
789153,0.0007187652459058495,232,Le_Boudin_Blanc
11689384,0.0007186198555433332,233,O_ver
1388951,0.0007182395869482335,234,Cote_Brasserie
12687431,0.00071820803087031,235,Suvlaki_Shoreditch
731270,0.0007181358465516595,236,Orrery
3534237,0.0007181343174304396,237,Angler
5124776,0.0007179865213979794,238,Yasar_s
2706182,0.0007169333219664527,239,Meat_People
1381942,0.0007166282274968395,240,Prix_Fixe_Brasserie
734082,0.0007163189536167808,241,Il_Bordello
1940711,0.0007162274174268151,242,El_Vaquero_Whetstone
3542753,0.0007162081852736734,243,Blue_Anchor
680490,0.0007158500572456783,244,Franco_s
2108741,0.0007153989163882647,245,Kolam_South_Indian_Restaurant
680437,0.0007151494115517862,246,Piazza
734256,0.0007147933393070363,247,Chisou_Japanese_Restaurant
2371739,0.000714639861714466,248,Ambience
844576,0.0007131069533561892,249,The_Bountiful_Cow
2477885,0.0007125752253518335,250,Gokyuzu_Restaurant
1645957,0.0007121644023216325,251,Galvin_La_Chapelle
720819,0.0007104267674562493,252,The_Yellow_House_Bar_Kitchen
718926,0.000710075857284529,253,Enoteca_Turi
4547166,0.0007090716698567275,254,Cote_Brasserie_St_Katharine_Docks
2429542,0.0007085934316346258,255,34_Mayfair
3296245,0.0007081158776431276,256,Chez_Elles_Bistroquet
1014890,0.0007074694366504223,257,Ishtah
1019294,0.0007074509559082891,258,North_Pole_Restaurant
2523465,0.0007074024984786072,259,In_Parma_by_Food_Roots
1650736,0.0007070471217303779,260,Mediterranean_Cafe
720365,0.0007068088498706265,261,Quaglino_s
720298,0.0007067886743111022,262,Marcus
731531,0.0007067394418703991,263,The_Gun
2257012,0.0007066752503134114,264,Potli_An_Indian_Market_Kitchen
7319351,0.0007061264406472061,265,Twist
7267875,0.0007059450207215277,266,Crocker_s_Folly
2569353,0.0007057110833278831,267,El_Vaquero
789337,0.0007056205764611191,268,Bali_Bali
3971257,0.0007056047390684683,269,Zaibatsu
7646351,0.000705426878705362,270,Sefa_Restaurant
732921,0.0007050507081665908,271,Cork_Bottle
4002133,0.0007044688745056285,272,Indian_Express_West_Kensington
2012274,0.0007038698083087319,273,The_Terrace
1316106,0.0007036236371879114,274,Angelus
1749471,0.0007034654084351065,275,The_Hill
8057729,0.0007033859658640885,276,Pasta_Remoli_Finsbury_Park
2256999,0.0007030610107314129,277,Pentolina
12228960,0.0007026920984935084,278,Mere
720797,0.0007026767708772924,279,The_Savoy_Grill_Gordon_Ramsay
1657322,0.0007022138000211851,280,Le_Pont_de_la_Tour
1917444,0.000702138437625,281,Pico_Bar_Grill
1146674,0.0007018611657016148,282,Ciao_Bella
7391044,0.0007014626577069405,283,TaNgia
12226622,0.0007012390462708758,284,The_Game_Bird
5775323,0.0007004421027248518,285,Burger_and_Lobster_at_Harvey_Nichols
2441081,0.0007002887372144224,286,The_Vincent_Room_Brasserie_Bar_Escoffier_Room
3381005,0.000699937845687636,287,Imm_Thai_Fusion_Wimbledon
10465022,0.0006998336401974796,288,Casa_Tua_King_s_Cross
3533651,0.0006996651467680721,289,Cote_Brasserie_Sloane_Square
2059595,0.0006996370133346779,290,Brawn
3179221,0.0006993332979689756,291,Super_Tuscan
733283,0.0006988514128988232,292,Caldesi_In_Marylebone
737388,0.0006986081619170226,293,Maxwell_s_Bar_Grill
12003615,0.0006982557447523091,294,Aksular_Restaurant
2587004,0.0006981190497225419,295,10_Greek_Street
1058867,0.000698118507882193,296,Lorenzo_of_Crystal_Palace
3248999,0.0006978538326215668,297,Riverside_2
4754532,0.0006971797369813517,298,Teras_Turkish_BBQ_Restaurant
1948246,0.0006970415205324492,299,Demartino_London
2652274,0.0006970254305141576,300,Harana
1389688,0.0006965967537663749,301,The_Arts_Club
719674,0.0006964406349030937,302,Laughing_Gravy_Bar_Restaurant
3268027,0.0006957907548794434,303,28_50_Marylebone_Lane
720979,0.0006955844144385651,304,Zafferano
1389726,0.0006955092589893373,305,Phoenix_Arts_Club
4559596,0.0006951348383347819,306,The_Pearson_Room
3172658,0.0006950986568445882,307,Rossella
6930101,0.0006950560579406685,308,Casereccio
2013914,0.0006945441946183398,309,Opera_Tavern
12308526,0.0006945015038578963,310,Blacklock_City
731658,0.0006944825214390646,311,Plateau
1917400,0.0006944308475899648,312,Maharaja_Indian_Restaurant
8572621,0.0006944049353509686,313,Cacio_Pepe
1380425,0.0006943286426356673,314,Butler_s_at_the_Chesterfield
733575,0.0006941887102664938,315,Paradise_by_Way_of_Kensal_Green
3157909,0.000693344953646194,316,The_Goring_Cocktail_Bar
1503621,0.0006933258116765416,317,The_Three_Greyhounds
1380820,0.0006925431495092938,318,One_Twenty_One_Two_Restaurant
4086962,0.0006916376041874663,319,Istanbul_Meze_Mangal
680417,0.0006912336696954209,320,Quirinale
10504112,0.0006906032732010537,321,Sorrento_In
10822007,0.000690562049594602,322,MBER
2173394,0.0006893978118089429,323,Jerusalem_Tavern
1989607,0.0006893935166610455,324,Goodman_City
719699,0.0006893393851933536,325,Cantina_del_Ponte
8679080,0.0006890344774362992,326,Bella_Cosa
680444,0.0006890012295271933,327,Le_Garrick
1519855,0.0006889704984169392,328,Trattoria_Raffaele
10454229,0.0006889565726716332,329,28_Church_Row
911399,0.0006886220404144081,330,The_Thomas_Cubitt
3337211,0.0006884831448255695,331,Roxie_Steak_Fulham
10746198,0.0006883228947159954,332,Eneko_Basque_Kitchen_and_Bar
1874094,0.0006869939917753878,333,Roux_at_Parliament_Square
7009195,0.0006862950342157504,334,The_Melody_Restaurant
3710291,0.0006861082388725103,335,The_Clarence_in_Mayfair
4374741,0.00068582608067371,336,Ma_La_Sichuan
7282993,0.0006857874072810691,337,The_Royal_Automobile_Club
10833526,0.0006847428203329539,338,Guste_REMO
6774552,0.0006840355266645999,339,Wahaca_Wimbledon
6473780,0.0006839333894062385,340,Primavera
1367698,0.0006834093708501535,341,Zayna
3507851,0.0006832814050013061,342,Il_Blandford_s
8262584,0.0006826026298615621,343,Chutney_Mary
2627296,0.0006822683396507355,344,La_Patagonia
1391494,0.0006812930472717504,345,Manhattan_Grill
7158643,0.0006812561256289778,346,San_Carlo_Cicchetti_Covent_Garden
2064495,0.0006805879831844471,347,Muhib_Indian_Cuisine
1734132,0.0006803345156988422,348,Ajanta
1636659,0.000680330786401635,349,Amici
1213351,0.0006802109370541688,350,The_Bar_at_The_Dorchester
5967116,0.0006797450062875727,351,APULIA
1836201,0.0006794832415515025,352,Cote_Brasserie
4014094,0.0006794695358351311,353,Mi_Cocina_Es_Tuya
720761,0.0006786857973715178,354,The_Ledbury
733277,0.0006781857479039763,355,The_Wells_Tavern
1317396,0.0006780540259301297,356,Mumbai_Delight
3664076,0.0006778856799859218,357,The_Eight_Bells
720748,0.0006774448682644341,358,The_Grill_at_The_Dorchester
7697088,0.0006773201197181363,359,Holy_Smoke
733940,0.0006769993381736361,360,Chino_Latino
1554178,0.0006769911150272291,361,Seven_Park_Place_By_William_Drabble
1014398,0.0006769083928557121,362,DUKES_Bar
680416,0.0006768379044029349,363,Bella_Italia
719297,0.0006765586666509006,364,Hard_Rock_Cafe
7717295,0.0006762202548072292,365,Hood
8125299,0.0006757328569092071,366,Waffle_Jack_s_American_Diner
10444968,0.0006753573890539295,367,Liman_Restaurant
717951,0.0006745814290135523,368,Cambio_de_Tercio
2257009,0.0006745541715559957,369,Corleone_Restaurant
8445606,0.0006744122185090769,370,Celeste
1019607,0.0006743681725078099,371,The_Windmill_Mayfair
3490463,0.00067415280826555,372,Awesome_Thai_Barnes
4154575,0.0006740474195723093,373,Beirut_Nights
12173874,0.0006739341222877432,374,Florentine_Restaurant_Bar
5000053,0.0006738802246572355,375,Prawn_on_the_Lawn
1237584,0.0006738044592023634,376,Helene_Darroze_at_The_Connaught
3348311,0.0006721697381142546,377,Cafe_La_Divina
6615954,0.0006718894775752694,378,Ting_Restaurant_Lounge
6109797,0.0006713790623582772,379,The_Charles_Holden
720372,0.000671098766625818,380,Quo_Vadis
12789362,0.000670886878640834,381,Maurizio_Barca
3581389,0.0006707648556473735,382,Giorgio_at_Leadenhall
7389255,0.0006707266341339912,383,Portland_Restaurant
11875170,0.000670510852707975,384,Bob_s_Cafe_Queens_Park
12378274,0.0006693928957018073,385,Adore_Remo
717970,0.0006693340471545553,386,Carmen_Tapas
2535399,0.0006690872723770309,387,Briciole
733247,0.0006688949713153112,388,Bugis_Street_Brasserie
733233,0.0006686548209121161,389,Gillray_s_Steakhouse_Bar
3528769,0.0006686255154388929,390,The_Old_Fire_Station
1647790,0.0006683690907489141,391,Dean_Street_Townhouse_Hotel_Dining_Room
3628692,0.0006672108693762272,392,Pera_Restaurant_islington
719739,0.0006668177436144986,393,Locanda_Locatelli
2009281,0.0006660306584438929,394,Yashin_Sushi
3731732,0.0006657735658064162,395,The_Port_House
2148631,0.0006654810603272126,396,The_Northall
850304,0.0006650639760124912,397,The_Harwood_Arms
734246,0.0006647317525392968,398,El_Pirata_of_Mayfair
10682050,0.0006647220138201206,399,Ormer_Mayfair
1213167,0.0006646751763317207,400,Cinnamon_Kitchen_City
1010142,0.000664252981455733,401,Al_Waha
3324188,0.0006637893191317435,402,Cafe_Ishaq
953714,0.0006637652876168422,403,Tas_Restaurant
1380822,0.0006636359114729952,404,The_Terrace_on_Piccadilly
680359,0.0006633843774155804,405,Santini_Restaurant
2162727,0.0006633443447141271,406,McGlynn_s_Free_House
1021827,0.000663314951454327,407,Sofra_Mayfair
1381993,0.0006632203861209673,408,Fabrizio_Restaurant
698174,0.0006623910472172945,409,Al_Duca
2603057,0.0006621718076814264,410,Osteria_del_Portico
680376,0.0006620829598099593,411,La_Barca_Ristorante_Italiano
1770199,0.0006620320683626592,412,Ecco_Pizza
10637464,0.0006619107557943254,413,Arlo_s_Balham
1064961,0.000661898277628371,414,Roux_At_The_Landau
2188463,0.0006618753346591523,415,Santa_Maria
5243195,0.0006618708461015695,416,The_Polo_Bar_at_The_Westbury_Mayfair_Hotel
1013450,0.000661687813975633,417,ASK_Italian_London_Wigmore_Street
2471152,0.0006614823721537657,418,Pizarro_Restaurant
6961709,0.000660945213656982,419,Ham_Yard_Restaurant_and_Bar
1127947,0.000660641484035801,420,Harry_s_Bar_Pizzeria
8819272,0.0006603269939550054,421,The_Ninth
1016852,0.0006602017274579984,422,The_Little_French_Restaurant
1389017,0.0006600892808668733,423,Iberica_Marylebone
732975,0.0006599670526414244,424,Zuma_London
784949,0.0006598804845806118,425,Pierre_Victoire
720305,0.0006595978752967721,426,Pied_a_Terre
719362,0.0006594504489370192,427,Indian_Veg_Bhelpuri
6771261,0.000658951841543976,428,Franco_Manca_Southfields
1229320,0.0006587682309175392,429,Corrigan_s
887068,0.000658564741339612,430,Wright_Brothers_Borough
2468914,0.0006585342423088321,431,Goodman_Canary_Wharf
1633379,0.0006580623846048783,432,Guinea_Grill
2014422,0.0006577829041023367,433,Kish_Restaurant
2662612,0.0006573352660162764,434,Pop_Sapori
7937195,0.0006571058101857624,435,Percy_Founders
8632781,0.000656883577436688,436,ROKA_Mayfair
2633495,0.00065655401451976,437,Ristorante_Carola
1649137,0.000656409308843839,438,Kennedys_OF_Goswell_Road
7212464,0.0006562010277001523,439,Dishoom_King_s_Cross
8831057,0.0006560903067370766,440,Darkhorse_Restaurant_Bar
4912516,0.0006560600760868912,441,The_Library_at_County_Hall
731562,0.0006559979054173145,442,Rowley_s_Restaurant
3356862,0.0006559430172667135,443,Gustoso_Ristorante_Enoteca
733502,0.0006555425927435247,444,Likya_Ocakbasi_Restaurant
4295544,0.0006552869908447181,445,SUSHISAMBA_Heron_Tower
737168,0.0006551360057922323,446,Masala_Zone_Covent_Garden
780663,0.0006547265908712613,447,The_Lale_Restaurant
2430068,0.0006546259973684226,448,La_Petite_Auberge
6891743,0.0006544020692489248,449,Kennedys_OF_Barbican
12706180,0.000654014418036076,450,Claude_Bosi
8122594,0.000653967881289586,451,Humble_Grape_Battersea
718986,0.0006538428933392516,452,Fredericks_Restaurant
3981666,0.0006537015100049564,453,Plum_and_Spilt_Milk
2039000,0.0006531466947562665,454,NOPI
8807743,0.0006530213377675641,455,Bellanger
3636189,0.0006530123922655652,456,COYA
3943898,0.0006521275290116127,457,Hispania_London
6214474,0.0006520798314610591,458,Chez_Vous
731557,0.0006518636667257361,459,Olivomare
809231,0.0006518386151458211,460,The_Morgan_Arms
784899,0.0006512059284753623,461,Coq_d_Argent
2297992,0.0006509630234515379,462,The_10_Cases
1205756,0.0006505185340244867,463,Alain_Ducasse_at_The_Dorchester
719242,0.0006504104266822581,464,Restaurant_Gordon_Ramsay
1021847,0.0006503673675952113,465,Gaucho_Broadgate
720668,0.0006502433558787081,466,The_Rex_Whistler_Restaurant_Tate_Britain
2244333,0.0006500704519121854,467,The_Sitara
3853609,0.0006494782909553067,468,The_Five_Fields
1605079,0.000649387602761676,469,LPM_Restaurant_Bar
4737361,0.0006488949099977553,470,Osteria_Tufo
731523,0.0006487298158894947,471,Amerigo_Vespucci
730297,0.0006486998384072989,472,Blue_Print_Cafe
1018797,0.0006486747394862745,473,FishWorks
3720830,0.0006485979073997292,474,Kings_Stores
730159,0.0006480374041614856,475,Galvin_at_Windows
4085143,0.0006479976482294193,476,Tozi_Restaurant_Bar
2001791,0.000647700529744663,477,Cocochan
719635,0.0006476627068498695,478,L_Escargot_Restaurant_Bar
14129347,0.0006474208767821329,479,La_Tasca
720880,0.0006474051323087601,480,Veeraswamy
1016431,0.0006474010732686528,481,Kai_Mayfair
698061,0.0006470023333774759,482,Asakusa
3853498,0.0006469637135560851,483,Ametsa
4063226,0.0006469076103004827,484,Kailash_Momo_Restaurant
11795658,0.0006460180033853686,485,Honey_and_Smoke
9561439,0.0006459130265088474,486,Noble_Rot
8803043,0.0006458494524498407,487,German_Gymnasium
1113251,0.0006454482313389326,488,Kokeb_Ethiopian_Restaurant
2475842,0.0006451077293144392,489,Cafe_Maya
7252264,0.0006449624378570929,490,Spring
878484,0.0006448974107595653,491,Texture
719255,0.000644811766120918,492,Great_Nepalese
2044154,0.0006442862462012867,493,Cote_Brasserie_St_Pauls
1178128,0.0006442070263185016,494,Gaucho_O2
1989609,0.0006438164001716927,495,Ichi_Sushi_and_Sashimi_Bar
3693225,0.0006436352057636249,496,The_Grill_at_Amba_Hotel_Marble_Arch
777620,0.0006433600238121891,497,Salaam_Namaste
1017635,0.000643323407335207,498,The_Footman
6167249,0.0006432494284421952,499,Trade
717832,0.0006432397272542577,500,Bodean_s_BBQ
12527182,0.0006432022590181631,501,The_Ivy_City_Garden
2012288,0.0006431397795326691,502,Prezzo_St_Martins_Lane
7885564,0.0006427468531131697,503,Hungry_Donkey
733453,0.0006427288267605508,504,Latymers
3638068,0.0006425128027165933,505,The_Ritz_Restaurant
7381901,0.0006424392401529641,506,The_Petite_Coree
7899096,0.0006422530114950212,507,Steak_And_Lobster_Marble_Arch
1791579,0.0006421891295221449,508,Trullo
1010082,0.0006421512274908775,509,Sadaf_Persian_Restaurant
680315,0.0006420566973483122,510,Da_Corradi
12579105,0.0006412452369399915,511,Ugly_Dumpling
2340353,0.0006412143982325992,512,Bread_Street_Kitchen
720501,0.0006408498391367895,513,Sartoria
6484829,0.0006408387096122501,514,Best_Mangal_Kings_Cross_Branch
2009294,0.0006408243460710814,515,Revolution_Leadenhall
720660,0.0006406215567668972,516,Tamarind
1016162,0.0006406212234139981,517,Caxton_Grill
734227,0.0006406180896047997,518,La_Fromagerie
719370,0.0006405027611534354,519,Ishbilia
1501242,0.000640249359416228,520,Baltic_Restaurant_Bar
10802610,0.0006401509434654968,521,Alla_Salute
10252175,0.0006401158204239638,522,ZIMA_Russian_Restaurant
1044445,0.0006400603304060492,523,Min_Jiang
3386941,0.0006399643206727685,524,Hazara
3570597,0.0006396117766560242,525,Marie_s_Cafe
717814,0.0006394733854877314,526,Bleeding_Heart_Restaurant
734125,0.0006394590084449815,527,Kazan_Restaurant
1018747,0.000638983447715386,528,Tiger_Green_Brasserie
4288390,0.0006380903053432605,529,Cookhouse_Joe
717839,0.0006378407040213551,530,The_Bombay_Brasserie
2355717,0.0006376749269492748,531,The_Spotted_Horse
2625372,0.0006376374494470748,532,Sticks_N_Sushi_Wimbledon
1993511,0.0006375586886882439,533,The_Yacht_London
9810972,0.0006375353295156115,534,Mr_Bao
2443548,0.0006366524997262193,535,Queen_of_Sheba
5281504,0.0006364075412651409,536,Pizzeria_Canti_Prosecco_Bar
2006514,0.0006364027096995181,537,Cafe_Rouge
7332519,0.0006363050038073124,538,Radicals_and_Victuallers
8427306,0.0006362715735110226,539,Barrafina
4424544,0.0006355646498794168,540,Luce_e_Limoni_Restaurant
720370,0.0006355354153915626,541,The_Quilon_Restaurant
1023159,0.000635045786313045,542,Le_Beaujolais
1571631,0.0006350251531669932,543,Santore
7079968,0.0006342655400902214,544,Sumak_Restaurant
720192,0.0006337267794362616,545,Ognisko_Restaurant
3683998,0.000633043323257055,546,Bonnie_Gull_Seafood_Shack
5443573,0.0006328511762674834,547,The_Jones_Family_Project
731394,0.0006327446347009352,548,The_Porterhouse_Covent_Garden
6594322,0.0006325063229170693,549,Boqueria
12358721,0.0006323396743013616,550,33_Abbeville_Road
8320074,0.000632290628693581,551,The_Little_Taperia
4091821,0.0006320310874588007,552,The_Dog_Duck
5532356,0.0006320269588794541,553,Sticks_N_Sushi_Covent_Garden
6981563,0.0006320201568337031,554,Two_One_Four
6540963,0.0006319160643154477,555,Iberica_Farringdon
12067722,0.0006313516359509243,556,Meraki_Grill
1788836,0.0006313069809974423,557,Forman_s_Restaurant
784799,0.0006312840645386086,558,Pasha
2277273,0.0006309988333168746,559,Ponti_s_Italian_Kitchen_John_Princes_Street
720189,0.0006309364403827031,560,Odette_s_Restaurant
9994333,0.0006306575417943013,561,Cocotte_Notting_Hill
8719826,0.0006302436040864485,562,Les_110_De_Taillevent
733245,0.0006297776580666962,563,Cheneston_s_Restaurant
1863498,0.0006297467022052071,564,Dishoom
731381,0.0006296826216954551,565,Petrichor_At_The_Cavendish_London
12073042,0.0006292197125222889,566,Hankies_Cafe
3687467,0.0006285326218571721,567,Zoilo
2307647,0.0006284936334882195,568,The_Laughing_Halibut
1221366,0.0006283762512456401,569,Santorini_Restaurant
4242819,0.0006282083056502504,570,Buenos_Aires_Argentine_Steakhouse
1014977,0.0006277279008644691,571,Chez_Abir_Restaurant
719305,0.000627474412578944,572,Hawksmoor_Spitalfields
5992727,0.0006270494418930142,573,Margaux
7098149,0.0006265872835518779,574,Canada_Water_Cafe
733567,0.0006265628687071534,575,Ishtar
6440616,0.0006261766129220004,576,Casa_Tua_Camden
3461228,0.0006260457142355809,577,Prezzo_Italian_Restaurant_London_King_s_Cross
6678634,0.0006259792535651929,578,The_Palomar
1205582,0.0006257659834993718,579,Trishna
7223228,0.0006257332192332917,580,Franco_Manca_South_Kensington
3533832,0.0006253219539646015,581,New_Street_Grill
2223860,0.0006250963845935971,582,The_Drift
3730569,0.000625079596443667,583,The_Gatehouse
1491952,0.0006247766900485366,584,Swan_at_Shakespeare_s_Globe
720837,0.000624659841095804,585,The_Tiroler_Hut_Restaurant
2051778,0.0006244262086155713,586,Galvin_Bistrot_Bar
2468128,0.0006241942963540872,587,Thali_Restaurant
2008088,0.0006241359292987468,588,Wan_Chai_Corner
753803,0.0006238620887721654,589,Le_Bistro_Savoir_Faire
1389543,0.0006237786566714677,590,Locale
941952,0.0006236671844629306,591,Andrew_Edmunds
948537,0.0006236023912888784,592,Amaya
3628450,0.0006231520075238714,593,Bar_Tozino
1389696,0.0006230852239344988,594,The_Fortnum_s_Bar_Restaurant
8719880,0.0006229765925762873,595,The_Blues_Kitchen_Brixton
6474473,0.0006227687909350029,596,Artusi
2514257,0.0006227278402311791,597,The_Boot_and_Flogger
1122597,0.000622504052454793,598,The_Palm_Court
12207444,0.0006224344260455588,599,La_Dame_de_Pic_London
2036992,0.0006223800193965959,600,Light_of_India
1184063,0.0006223249943829098,601,Caravaggio
780116,0.0006223196989147404,602,Jin_Kichi
1316331,0.000622061008490166,603,Fishcotheque
6892254,0.0006213192155838974,604,Toro_Gordo
9700191,0.0006211573357126412,605,Salut
1016437,0.0006211500096643415,606,Island_Grill
3840661,0.0006210344326579979,607,Selale_Restaurant
1386570,0.000620797968629493,608,Brumus_Bar_Restaurant
1546789,0.0006207676117990523,609,Pepenero
3174912,0.000620696051062254,610,Byron_Waterloo
680501,0.000620620129421256,611,Oxo_Tower_Restaurant_Bar_and_Brasserie
2371856,0.0006204740911475874,612,The_Brigade
3450722,0.0006202102445879779,613,Mimmo_La_Bufala
3823116,0.0006198651775384994,614,The_Lamb_Flag
1019033,0.000619764863717836,615,The_Real_Greek
1027064,0.0006196290791411875,616,Dehesa
2194413,0.0006194193565199022,617,Cay_Tre
5264070,0.0006191786330487993,618,Berners_Tavern
719710,0.0006191742827520749,619,Lemonia_Greek
1017662,0.0006190535703884714,620,The_Park_Room
3160154,0.0006190271697212698,621,The_Blacksmith_s_Arms
3598439,0.0006188070785685789,622,Ottoman_Turkish_Cuisine
1014168,0.0006187901189734072,623,Black_Blue_Steakhouse_Notting_Hill_Gate
8118024,0.0006186692291071491,624,Chai_Ki
5234147,0.0006181517618190075,625,Merchants_Tavern
5816427,0.0006179600215114791,626,L_Antipasto_City_Trattoria_Pizzeria
4981784,0.0006176601576293496,627,Gymkhana
720360,0.0006175301904430797,628,Punjab_Restaurant
1017726,0.0006174916121879248,629,Saigon_Saigon
1489506,0.0006173797215158277,630,The_George_on_the_Strand
730365,0.0006171799946768808,631,Sophie_s_Steakhouse_Chelsea
4867760,0.0006171500916656271,632,Union_Street_Cafe
733278,0.0006169326745907883,633,The_Enterprise
2082878,0.0006166782229357566,634,Spuntino
7621391,0.000615969255976593,635,Mangia_Bene
1650538,0.0006159095767338221,636,The_Ship_Tavern
2626990,0.0006156518122724607,637,Ceviche_Soho
1933576,0.0006156400688396445,638,Namaaste_Kitchen
5426258,0.000615558475839309,639,Bill_s_High_Street_Kensington
733338,0.0006148799494657819,640,Hafez_Restaurant
720870,0.0006148189211914466,641,Umu
730788,0.000614602041222758,642,Camino_King_s_Cross
731399,0.000614465101601425,643,Benares_Restaurant_Bar
3514061,0.0006143981860985466,644,Comedor_Grill_and_Bar
734169,0.0006141808315330507,645,Hot_Stuff
2013731,0.0006140944352697942,646,Nepal_Authentic_Dining
1967837,0.0006135281955573169,647,Coda_Restaurant_by_Eric_Chavot
3532997,0.0006134186435882717,648,Prima_Sapori_d_Italia
6637143,0.0006133702074659346,649,Lyle_s
3599763,0.0006129461724834503,650,The_Mayfair_Chippy_Fish_and_Chips
2373977,0.000612890736507837,651,The_Quality_Chop_House
1846794,0.0006128169357564739,652,Soho_Joe
719353,0.0006126447126776897,653,Il_Convivio
2218653,0.0006124126951195774,654,Sen_Viet
12556240,0.0006116813452374687,655,Maison_Du_Mezze
5871083,0.0006116288147635196,656,Wright_Brothers_Spitalfields
718517,0.0006112517684254716,657,Cinnamon_Club
1744881,0.0006109531342325263,658,Petrus_by_Gordon_Ramsay
7221885,0.0006108987568789626,659,Heddon_Street_Kitchen
952591,0.0006108518244830961,660,Gaucho_Piccadilly
1821729,0.0006107187007477552,661,The_Hoop_and_Grapes
10718914,0.0006099479821214538,662,Pisqu
733310,0.0006099080422338839,663,Indigo_Restaurant
4358655,0.0006097353103218252,664,Koshari_Street
11921257,0.0006096106772087845,665,El_Pastor
1007175,0.000609590212240384,666,St_John
2628404,0.0006095767873048755,667,Italina_London
5815702,0.0006095118633295771,668,Holborn_Dining_Room
6624139,0.0006094638118117827,669,Pappa_Roma
11868859,0.0006093785165450326,670,The_Pear_Tree_at_Greenland_Place
2001771,0.0006092431613353921,671,Fora_Restaurant
8755366,0.000609217050592647,672,CoBa
1018563,0.0006089086370653988,673,La_Fiamma
8833735,0.0006088506136347341,674,OXBO_Bankside
6353469,0.0006084574680863668,675,On_the_Bab
1021848,0.0006081273093177204,676,Gaucho_Canary_Wharf
3806272,0.0006080055975876416,677,The_Fish_House_of_Notting_Hill
4310037,0.0006077644837667939,678,The_Old_Fountain
737357,0.0006076510239318677,679,Portrait_Restaurant
8281804,0.0006075524310244586,680,The_Piano_Works_Farringdon
3236017,0.0006075369557162536,681,Polo_Bar
1006775,0.0006071288458085525,682,Prince_Bonaparte
1057071,0.0006067570876898435,683,Mai_Sushi
825556,0.0006064331091261241,684,Dinings
2390185,0.0006064116008709773,685,Hawksmoor_Guildhall
6016189,0.0006061196088829827,686,Panda_Dim_Sum_Cafe
11627208,0.0006059712690480261,687,BungaTINI
4041617,0.0006059348672608756,688,5_Social
2365783,0.0006056764957742586,689,Busaba_Westfield_London
2216518,0.0006056205740128149,690,Constancia
10757079,0.0006053031197215837,691,Booma
1481009,0.0006047145653801993,692,The_Mitre
1016482,0.0006045730308154253,693,Fish_Central
2015663,0.000604245743412355,694,Coco_Momo
8734724,0.0006041070973453472,695,Fiddie_s_Italian_Kitchen
12297994,0.0006039045254423762,696,Tamarind_Kitchen
2153036,0.0006037289135754466,697,Franx_Continental_Cafe
1381783,0.0006033469158522732,698,The_Alfred_Tennyson
730671,0.0006032699549064344,699,Winter_Garden_Restaurant
733860,0.0006031475944365709,700,Yo_Sushi_Harvey_Nichols
7992129,0.0006026841574685463,701,Vietfood
7342038,0.0006025153105885877,702,Viet_Baguette_Ltd
2488909,0.0006023759204461521,703,Lily_Tandoori
1867592,0.000601438356741927,704,Franco_Manca
6998389,0.0006014128630431921,705,Il_Guscio_Highbury
730420,0.0006011050049677616,706,Grumbles
5861005,0.000600692834325433,707,Rice_Republic
4041021,0.000600650436011698,708,The_Swan
2423575,0.0006003535463750181,709,Warda_Lebanese_Restaurant
717962,0.0006003141136617022,710,The_Restaurant_at_The_Capital
3628730,0.0005998986066809503,711,Fish_Market
1367682,0.0005997555250142028,712,Osteria_Dell_Angolo
5122014,0.0005997185850846644,713,GONG_Bar
1785869,0.0005993270868550519,714,JW_Steakhouse
6519169,0.0005992173958244664,715,Connaught_Bar
720518,0.0005991229120227203,716,Seafresh_Fish_Restaurant
731388,0.0005988507689512232,717,Nipa_Thai_Restaurant
1202564,0.0005986292217153944,718,Avista
1469158,0.0005985767492150299,719,Le_Relais_De_Venise_Marylebone
1421098,0.0005985558574786064,720,FishWorks
7363628,0.0005984958740087321,721,The_Good_Earth
2442758,0.0005983756245816017,722,Boqueria
2519129,0.000598326937783002,723,Kilis_Kitchen
815215,0.0005983229340856148,724,Maroush_II
2038485,0.0005978291071523952,725,Sartori_Restaurant
3493830,0.0005976567318642427,726,The_Real_Greek
10816816,0.0005974650929112115,727,Honest_Burgers
4910311,0.0005973597302281934,728,Nepal_Authentic_Dining
3896790,0.000597027077924214,729,Balthazar
2008429,0.0005970140316999748,730,Revolution_America_Square
680320,0.0005969180590116579,731,Il_Vicolo
8051811,0.0005966839237279592,732,The_Real_Greek
719005,0.000596261804036049,733,The_Gate_Hammersmith
1043913,0.0005961787296316783,734,Bizzarro
2704738,0.0005961294596236143,735,The_Bull_Steak_Expert
719980,0.0005957914118368588,736,Mandarin_Kitchen
733592,0.0005956583275619946,737,Numidie_Bistro
3162675,0.0005953693649877103,738,Silk_Road
11717778,0.0005953429951520625,739,Yuu_Kitchen
719734,0.0005953231405142577,740,The_Wet_Fish_Cafe
7045536,0.0005952869390705005,741,Chez_Antoinette
4925730,0.0005952235543167366,742,Curry_Leaves
734281,0.0005951816910503216,743,Donna_Margherita
719959,0.0005951455664574983,744,Maggie_Jones_s
6575472,0.0005950435394126487,745,Rock_Star_Sushi_Bar
694222,0.0005950219547341965,746,Avenue_Restaurant_Bar
953619,0.0005947929886321727,747,Maroush_Express
720047,0.0005946546303198207,748,Mildreds_Soho
4080917,0.000594592902294877,749,Social_Eating_House
720853,0.0005945670164154717,750,Trader_Vic_s
2405481,0.0005944228339442482,751,Carpe_Diem
6413446,0.0005943082140785508,752,Bravas_Tapas
4593408,0.0005940622396574066,753,The_Grove
8719866,0.000594058667836521,754,Turtle_Bay_Brixton
1746994,0.0005940041370429665,755,The_Old_Bank_of_England
1752016,0.0005939895923263599,756,Tas_Restaurant
3224508,0.0005939581893764278,757,Honey_Co
8790619,0.0005937920253587326,758,Buffalo_American_Grill_Tex_Mex
1316208,0.0005936162928960361,759,The_Mawson_Arms
730378,0.0005934959343526969,760,2_Veneti
1044620,0.0005934660963749787,761,Sichuan_Folk_Chinese_Restaurant
718584,0.000593379551961125,762,Da_Paolo_Restaurant
4375504,0.0005933566567172874,763,Wahaca_Islington
2074032,0.0005932385027403071,764,Ship_Shovell
3388616,0.000592989745303072,765,The_Pig_Butcher
1018463,0.0005926896920705049,766,Souk
815697,0.0005926549258634705,767,The_Cutty_Sark
731908,0.0005921524574307451,768,Chamberlain_s_Restaurant
680325,0.000592033300684258,769,Misato
7182371,0.0005919275555229756,770,All_Bar_One
2433450,0.0005918136008466534,771,AW_Restaurant
3598839,0.0005916211333844702,772,Hawksmoor_Air_Street
733533,0.000590523408246977,773,Cafe_Pacifico
12031448,0.0005903676552542795,774,Kirvem
1917270,0.0005902904168774337,775,Boyds_Grill_Wine_Bar
6033544,0.0005902556609673495,776,Dirty_Bones_Kensington
720607,0.0005899885457029054,777,Standard_Balti_House
12029806,0.0005899280591772403,778,Apres_Food_Co
7341059,0.0005897055544679406,779,Miss_Tapas
2368799,0.0005894870856609676,780,Lord_Nelson
1019020,0.0005892084166475274,781,Pappa_Ciccia_Fulham_High_Street
3814219,0.0005890214184931657,782,Bravi_Ragazzi_Pizza
731153,0.0005888791352507139,783,Thai_Pot_Bedfordbury
1054563,0.0005888537106667201,784,Megan_s
731387,0.0005888201694930902,785,The_Frontline_Club
733241,0.0005885735452438979,786,Rivington_Bar_Grill_Greenwich
1383609,0.0005885172532929088,787,About_Thyme_Restaurant
730156,0.0005883862661305198,788,108_Brasserie
944633,0.0005883112455689949,789,The_Empress
2445174,0.0005882734447164431,790,Tierra_Peru
5121709,0.0005881453453715069,791,Afternoon_Tea
3359779,0.0005881091833438107,792,Cote_Brasserie_Soho
1928867,0.0005880800839354555,793,The_Kings_Arms
780583,0.0005876759359848859,794,Gaucho_Charlotte_Street
8527623,0.0005872642366507921,795,Dip_Flip
796468,0.0005869802811189986,796,Stone_Cave_Cafe_Bar_Restaurant
733450,0.0005869637246656464,797,Indian_Zing
2464192,0.0005868849276786985,798,The_Spice_Of_Life
1388953,0.0005867714017518041,799,Couscous_Darna_Restaurant
733535,0.000586761095011386,800,Troubadour_London
754263,0.0005865612792102714,801,Christopher_s
2218703,0.0005865435868134123,802,Madison
1516578,0.0005858855809673771,803,Bistro_Benito
7654407,0.0005857215123875952,804,Poppy_s
3599696,0.0005855219157507566,805,Olde_Goa
3135915,0.0005854021567777741,806,The_Market_Porter
1964861,0.0005853368095772356,807,Bengal_Village
1019017,0.0005852410853300249,808,Patara_Knightsbridge
5433643,0.0005851190563448006,809,Blighty_Cafe_A_Commonwealth_Of_Nations_cafe_Finsbury_Park
3370269,0.0005850673204650188,810,Lima
7015028,0.0005849580491877549,811,Fine_Foods
1128067,0.0005845851370942818,812,Pierino
1989918,0.0005845008353585273,813,The_Orange_Public_House
730427,0.0005842413845049085,814,InterContinental_London_Park_Lane
4929050,0.0005841318313585363,815,Est_India
8655443,0.0005840693029957554,816,Canto_Corvino_Restaurant_Bar
4291786,0.0005840473851866805,817,Evoluzione_Restaurant
2616763,0.000583978129052869,818,The_Lamb_Tavern
7282840,0.0005839684671544414,819,ROKA_Aldwych
730395,0.0005838819780410407,820,Ye_Olde_Cheshire_Cheese
1989890,0.0005837605338156271,821,The_Blues_Kitchen_Camden
1385617,0.0005836900579998894,822,Brasserie_Blanc_Tower_Bridge
940496,0.0005836193031068195,823,Annie_s_Restaurant_Chiswick
6614484,0.0005835506002490844,824,City_Social
734192,0.00058342715936389,825,Olivelli_Waterloo
2008496,0.000583251962624177,826,Cigalon
5558677,0.0005830453786385921,827,Crown_and_Anchor
796277,0.0005829269948142852,828,A_Toca_Restaurant
6631477,0.0005828618729509749,829,Beast
10383727,0.0005827848040153732,830,Market_Brasserie
1792411,0.000582488031859788,831,Oz_Cafe
7222459,0.0005824795855501639,832,Rabbit
1017618,0.0005824445933039274,833,Hush
3600820,0.0005823000599861768,834,Manuka_kitchen
2538740,0.0005822607194752107,835,Cafe_Phillies
4292434,0.0005822369984457007,836,Bird_of_Smithfield
11802037,0.0005818144131505322,837,Pham_house
4606668,0.0005814049618806206,838,280_Degrees_African_Restaurant_Bar
1645696,0.0005812742738918855,839,The_Hereford_Arms
2423568,0.0005812341835761426,840,Buenos_Aires_Argentine_Steakhouse
733579,0.000581153206310493,841,Il_Portico
5122664,0.0005810898934382026,842,New_City_Chinese_Restaurant
12713891,0.0005810394090947345,843,Jean_Georges_at_The_Connaught
1044772,0.0005805380706465762,844,Lord_Wargrave
3498461,0.0005804837316914554,845,Wahaca_Charlotte_St
8052603,0.0005801806235735983,846,The_Black_Penny_Covent_Garden
731194,0.0005797512629560997,847,Rossopomodoro_Chelsea
718591,0.0005797488007040488,848,Daquise
1018427,0.0005795909477638747,849,Prezzo_Mayfair
1071986,0.0005792553213050544,850,The_Punchbowl
2313972,0.0005792001970830585,851,Antalya_Restaurant
2006403,0.0005791487176450063,852,Prezzo_Northumberland_Avenue
3932437,0.0005791026116301378,853,Wolkite_restaurant
11814993,0.0005783872732500914,854,Jamavar
1017699,0.0005783756142531203,855,The_Potting_Shed_Restaurant_Bar
11666032,0.0005781749544781716,856,Cabotte_Restaurant
1055730,0.000577697520282909,857,Bella_Italia
6813365,0.0005776099654156041,858,Opso
1044010,0.0005775144030523236,859,The_Clachan
3320289,0.0005772712775919131,860,Wahaca_Canary_Wharf
1928883,0.0005772597761209351,861,Thames_Foyer_at_The_Savoy
1436487,0.0005771641832111859,862,Gold_Mine
720730,0.0005767069424899315,863,The_Dove
2326318,0.0005765924479086004,864,Sappho_Meze_Bar
2348614,0.0005764478180806557,865,Fez_Mangal
2411234,0.0005763672614232183,866,Wahaca_Covent_Garden
733594,0.0005762970251023707,867,Caviar_House_Prunier
1389710,0.0005761114785397828,868,Sketch_Lecture_Room_and_Library
814119,0.0005758988494348035,869,Eat_17
1415601,0.0005755053208156166,870,Palm_Court_at_The_Langham
2199230,0.0005754531736231618,871,Shah_Tandoori
12309105,0.0005754291808066306,872,COYA_Angel_Court
6681004,0.0005753569718830954,873,Salt_Yard
1059621,0.0005751018319286948,874,Ristorante_Orsini
3380704,0.0005748028603775047,875,The_Delaunay_Counter
7684477,0.0005746965120024128,876,Kitty_Fisher_s
720452,0.0005745981005378111,877,ROKA_Charlotte_Street
4911765,0.0005745098381236486,878,One_Under_Lime
6887914,0.0005742879664830939,879,La_Tagliata_City
1991481,0.0005742234254619378,880,Hawksmoor_Seven_Dials
2719908,0.0005740608488049575,881,Baileys_Fish_and_Chips
1125209,0.0005735271701830506,882,Pret_a_Manger
3599802,0.0005734286178232484,883,The_Andover_Arms
4101794,0.0005733020412978716,884,Kitchen_Table
1389702,0.000573068449784211,885,Olives_Restaurant_and_Bar_Italian_Kitchen
1806131,0.0005730294828101464,886,The_Old_Brewery
731410,0.0005728891441954151,887,Ottolenghi_Islington
2006757,0.0005725490922403296,888,The_Star_Tavern
12156905,0.000572414524451959,889,Bokan_37_Restaurant
730732,0.0005721699192122273,890,Rangrez
3839096,0.0005720443183520623,891,Blue_Boar_Restaurant
10455238,0.0005718134604639979,892,Flora_Indica
4334826,0.0005717787637434635,893,Manjal
7602232,0.0005716224840633557,894,Jinjuu_Soho
953554,0.0005714927204464426,895,Gordon_s_Wine_Bar
3601479,0.0005707259177526239,896,The_Honest_Italian
718530,0.0005706700763788772,897,Club_Gascon
968931,0.0005706210352244596,898,Bbar
7692875,0.0005705769027528127,899,Shackfuyu
1106756,0.0005700193163833553,900,The_Foyer_At_Claridge_s
7681372,0.0005700000678874883,901,Sticks_N_Sushi_Greenwich
783341,0.00056984060916465,902,St_John_Bread_and_Wine
720311,0.0005698104324289088,903,Ping_Pong_Soho
5521094,0.0005697395317136141,904,Rabot_1745
10148190,0.0005695116195236546,905,Cafe_Monico
1017266,0.0005693111038428772,906,Made_in_Brasil
6885893,0.0005692906541726317,907,The_Jasmine_by_Spice_Nouv_Oh
4460375,0.0005688177790324538,908,Wahaca_Waterloo
3543155,0.0005687738798447033,909,Banana_Tree_Angel
11761100,0.0005684202972282282,910,Lattakia
785680,0.0005680237149748964,911,Halepi
1388950,0.0005680077360337644,912,Cote_Brasserie
12244515,0.0005674614241051892,913,Rick_Stein_Barnes
7340987,0.0005672340292088361,914,12th_Knot
1918194,0.000567226549365663,915,Morito
1531976,0.0005672163415213831,916,Bangalore_Express_City
700845,0.0005671361021813285,917,Rules_Restaurant
680331,0.0005670808168221215,918,Colosseo_Restaurant
811931,0.00056706360034771,919,Spicy_Basil
1488297,0.0005670574337883051,920,Old_Amalfi
720168,0.0005669430670340627,921,North_Sea_Fish_Restaurant
2587100,0.0005668554859853249,922,Copita
1367646,0.0005667965800795511,923,Vivat_Bacchus_London_Bridge
3165105,0.0005665629368324366,924,The_Elgar_Room_Brasserie
1015661,0.0005656981219472941,925,E_O
1018459,0.0005650680955253858,926,Simpson_s_Tavern
2456325,0.0005647653770195235,927,Paradise_Indian_Restaurant
1986500,0.0005644195604419381,928,Steak_Co_Leicester_Square_Charing_Cross
4086680,0.0005643815862193579,929,Restaurant_Story
7033990,0.0005643222532253755,930,Bierschenke
2184987,0.0005642505432986592,931,O_Neill_s_Kings_Cross
7235833,0.0005640827181232173,932,The_Alchemist_Bevis_Marks
9790023,0.0005637995798404922,933,Kashmir_A_Culinary_Paradise
1200319,0.0005634968366212688,934,Two_Point
4229727,0.0005634725920910599,935,The_Anchor_and_Hope
2316594,0.000563453420059372,936,Buen_Ayre
2441656,0.0005632851616270229,937,Burger_Lobster_Mayfair
2470775,0.0005629953283056911,938,Com_Viet
12032472,0.0005628910573497274,939,Kricket_Soho
1059594,0.0005628731157450056,940,Sri_Suwoon
3544066,0.0005625274343478193,941,La_Saporita
717810,0.0005623143775180738,942,Bistrotheque
2569482,0.0005618454992841072,943,Bill_s_Islington
730143,0.0005617599640178016,944,Zia_Teresa
5439629,0.0005617116176542214,945,Monty_s_Nepalese_Cuisine
7389248,0.0005616022432174123,946,Snaps_Rye
8521658,0.0005615790309350217,947,Band_of_Burgers
2019217,0.0005615279705625844,948,Amaranto_Restaurant_at_Four_Seasons
4675388,0.0005614831073327475,949,Happiness_Forgets
12321968,0.0005613641269881047,950,Chapati_Club
2000083,0.0005611676433175888,951,Wright_Brothers_Soho
719025,0.0005611064951040444,952,Giovanni_s
2176042,0.0005605943727462447,953,Hiba_Express
4047852,0.0005604511074944216,954,Cafe_338
2190331,0.000560250005813649,955,Efes_Meze
8528939,0.0005600883146792803,956,El_Inca_Plebeyo
733581,0.0005600757128567939,957,The_Scarsdale_Tavern
1044777,0.0005600266482763469,958,The_Wellington
7294428,0.0005598913735893398,959,Brompton_Food_Market
680393,0.0005598870233292584,960,Pasta_Brown
9596195,0.0005598206405374144,961,Coin_Laundry
1013490,0.0005596232386006169,962,ASK_Italian
3205828,0.0005590952536840295,963,Mazi
3314907,0.0005590802270577262,964,The_Olive_Restaurant
3515065,0.0005590030668082248,965,Fishers_Restaurant_Takeaway
3206568,0.0005588458387893518,966,Indian_Lounge
2184577,0.0005584815739349124,967,Pix
1964849,0.0005582819411488529,968,Casa_Malevo
2626827,0.0005581555650197958,969,Ozone_Coffee_Roasters
3329636,0.0005579960087901431,970,The_London_Gin_Club
6615960,0.0005579864354460414,971,The_Blues_Kitchen_Shoreditch
7973895,0.0005579758439193944,972,The_Duck_Rice
4685955,0.0005578474727552303,973,Franco_Manca_Balham
1119589,0.0005578312443587593,974,The_Little_Square
815603,0.0005577104921702818,975,Tower_Tandoori
5895622,0.0005570143558780637,976,Blanchette
4893650,0.0005568503006080255,977,Il_Sugo
2213156,0.0005567994320775279,978,The_Black_Dog_Freehouse
1013694,0.0005567247660631479,979,Patara_Soho
698082,0.0005565819434820939,980,Azou
2253670,0.0005563473676105272,981,The_Hawley_Arms
5220316,0.0005560987950385981,982,Tried_And_True
1015412,0.0005558896169494033,983,Cockneys_Pie_Mash
4913161,0.0005557786934861236,984,Pret_A_Manger
1015979,0.0005555757186235435,985,Duke_of_York
1493586,0.0005551550567420449,986,Mimos_Cafe_Bar
3663396,0.0005550814920302223,987,GAIL_s_Bakery_Bloomsbury
720981,0.0005549850711179279,988,Zaika
1014404,0.0005548410850230936,989,Gaucho_City
1965836,0.0005547645181186154,990,Pho
8686879,0.0005541374542728343,991,Burger_Lobster
3426619,0.0005540421964789664,992,Gigs_Fish_and_Chips
7290752,0.0005540258361266351,993,L_oro_di_Napoli
8036244,0.0005539457796482223,994,Sticks_n_Sushi_Canary_Wharf
6452357,0.0005537084097876114,995,Augustus_Harris
717904,0.0005533642655846159,996,Busaba_Soho
4346684,0.0005533488651446204,997,Hutong
717906,0.0005532160641934335,998,Busaba_St_Christopher_s_Place
5816604,0.0005529736410990241,999,Roti_King
5489412,0.0005529282425663464,1000,VQ_Bloomsbury
1469156,0.0005528636616939113,1001,Great_Queen_Street
1395494,0.0005526696521775791,1002,Wine_and_Mousaka
6893495,0.0005526539503020842,1003,Honest_Burgers
2390490,0.0005524034397327146,1004,Adventure_Bar
10067336,0.0005522798717768904,1005,Frenchie_Covent_Garden
5986695,0.0005522327137445401,1006,Moo_Cantina_Pimlico
12556244,0.0005521784564009753,1007,Tom_Simmons_Tower_Bridge
720840,0.0005513409467578701,1008,Toff_s
8594653,0.0005512558177293851,1009,Rosetta
9581718,0.0005510979804489538,1010,Masala_Indian_Restaurant
8842845,0.0005510479030060393,1011,Zeytin_Restaurant
2000077,0.0005510316967740072,1012,The_Portman
7595256,0.0005507173973085554,1013,Fenchurch
6878869,0.0005505027009192536,1014,Barrafina
3963036,0.0005504825039215602,1015,Burger_Lobster_City
6863959,0.0005502984576808621,1016,Hawksmoor_Knightsbridge
1587519,0.0005502919577804069,1017,Gaucho_Tower_Bridge
1421055,0.0005502743366177012,1018,Champagne_Charlies
2484466,0.000550267003030223,1019,Forty_Dean_Street
3976069,0.0005502392682589387,1020,Chicks_on_Fire
1017374,0.0005497567298736618,1021,Malabar_Junction
3602060,0.0005494442568049845,1022,Dishoom_Shoreditch
5815382,0.0005494292573499288,1023,Masters
7269715,0.0005494138613147363,1024,Pachamama_Bar_Kitchen
5816673,0.0005494024387863658,1025,The_Camel_Public_House
719237,0.000549230966842397,1026,Golden_Hind
7314841,0.0005492267149558193,1027,Clarke_s
737159,0.0005488457012591184,1028,Electric_Diner
2318282,0.000548510759836759,1029,The_Flask_Hampstead
730419,0.0005484669951341867,1030,The_Abingdon
2158627,0.000548310132411793,1031,The_Blackfriar
3507853,0.0005479802721610306,1032,Apero_Restaurant_Bar
10734534,0.0005478364243019138,1033,BAO_Fitzrovia
2365069,0.0005477384475662893,1034,The_Iskele
6999309,0.0005476334714059102,1035,Olives_and_Meze
8413266,0.0005472931750746884,1036,Smith_Whistle
734172,0.0005471725112996465,1037,Indian_YMCA_Dining_Hall
1317348,0.0005471249044052883,1038,Mughal_s
9855458,0.0005469645000145063,1039,B_Bagel_Bakery_Bar
753799,0.0005467353096934347,1040,Pizzeria_Pappagone
3243135,0.0005466851175139916,1041,The_Queen_s_Larder
6516294,0.0005466298785622133,1042,Blue_Nile_Cafe
2468728,0.0005465942263025297,1043,Champagne_Fromage_Covent_Garden
6503304,0.0005461306009891169,1044,Cappadocia
2089099,0.000545584412483669,1045,Jamon_Jamon
2012290,0.0005453357084157373,1046,Bella_Italia
2470813,0.0005451249730575218,1047,Da_Mario_Kensington
12519756,0.0005450492992747828,1048,Bob_s_Cafe_Muswell_Hill
2490203,0.0005449704943428672,1049,Cabana_Covent_Garden
11779746,0.0005447371235070671,1050,Caravan
1986583,0.0005446367623647449,1051,The_Mayflower_Pub
982674,0.000544479531806234,1052,Vivat_Bacchus
2666060,0.0005444738354727941,1053,The_Princess_of_Wales
10191943,0.000544235779749157,1054,Cafe_Van_Gogh
1017330,0.0005440614981287297,1055,Kalamaras_Greek_Taverna
2317458,0.0005438813202724135,1056,The_Old_Shades_London_Pub_Dining
11811519,0.0005437206095010305,1057,StreetXO
1212924,0.0005435885919978131,1058,Bob_Bob_Ricard
2140493,0.0005434985085909211,1059,Kua_Aina
12123899,0.0005432387646216492,1060,Honest_Burgers
734013,0.0005428708494555867,1061,Olivelli_Mayfair
1019612,0.0005428375636428594,1062,The_Fire_Station
2297973,0.0005427661587658377,1063,Byward_Kitchen_and_Bar
730384,0.0005425257848601956,1064,Cirrik_19_Numara_Bos
2414962,0.0005423996136443949,1065,Granger_Co
11789169,0.0005423355645739021,1066,Inamo
2204318,0.0005419545146982213,1067,The_Cambridge
1389010,0.0005418279014321959,1068,Harry_s_Bar
1006144,0.0005413222145728148,1069,The_Archduke
4472496,0.00054126928576952,1070,Whyte_and_Brown
1501230,0.0005410081090391348,1071,Balls_Brothers_Minster_Court
1021849,0.0005405769638884411,1072,Gaucho
10374167,0.0005404626598419182,1073,Mangos_Indian_Bangladeshi_cuisine
7136330,0.0005402538093069382,1074,Lokkanta_Meze_Barbeque
780900,0.0005396765048412311,1075,Zizzi_Bow_Street
1422071,0.0005395323963934607,1076,Tapa_Tapa
4293078,0.0005394250748435793,1077,StickyWings
699985,0.0005393087762345193,1078,Kiku
5961361,0.0005390837688147582,1079,The_Quince_Tree_cafe_at_Clifton_Nurseries
940329,0.0005389665483780184,1080,Sofra
1945692,0.0005380120529155352,1081,Cote_Brasserie_Notting_Hill
5262782,0.0005380059673939488,1082,Noura
7806502,0.0005378709228047781,1083,MOC_Kitchen
3815171,0.0005373229960965433,1084,Saponara
8856616,0.0005373082237623003,1085,Flat_Iron_Covent_Garden
1900184,0.0005372602480058978,1086,Busaba_Hoxton_Square
8664153,0.000537241936388558,1087,Bernardi_s
1017384,0.0005369825172115679,1088,Mangal
731546,0.0005367337704879719,1089,Mestizo
1177364,0.0005364052798669318,1090,Tapas_Brindisa_Soho
2326944,0.0005361617763973846,1091,Hache_Clapham
953620,0.0005359481365175545,1092,Maroush
2011728,0.0005358628243884525,1093,Bella_Italia
7620204,0.0005357608812156919,1094,Oka_Restaurant
5783481,0.0005353514796992802,1095,Andina_Shoreditch
1018502,0.0005350755633280438,1096,The_Table
2491372,0.0005350739317373616,1097,Euston_Tap
7332433,0.0005349654777567252,1098,Chicken_Shop
1044449,0.0005348109171838031,1099,The_Mitre_in_Lancaster_Gate
1019031,0.0005343837342424531,1100,The_Real_Greek_Bankside
3608556,0.0005342650327438532,1101,Tapas_Brindisa_Shoreditch
8539662,0.0005336845106989823,1102,Franco_Manca
1044160,0.000533544798410457,1103,The_Goat
6635485,0.0005332757640325209,1104,The_Clink_Restaurant
6845113,0.0005324333366741611,1105,Arabica_Bar_Kitchen
731154,0.0005323688791602627,1106,Sarastro
3681920,0.0005323551492235926,1107,Bella_Vita
3738303,0.0005322431012330997,1108,Piebury_Corner
2073680,0.0005318170554134046,1109,ROSSODISERA_il_marchigiano
8529772,0.0005317573331519615,1110,Macellaio_RC_Exmouth_Market
3393276,0.0005314716359847347,1111,Steak_Co_St_Martins_Ln
8431523,0.0005312754976671435,1112,Pidgin
1385648,0.0005312705250880409,1113,Bistro_1_Frith_Street
8307392,0.0005311162812584765,1114,Lobos
11884748,0.0005309803443449346,1115,Arro_Coffee_The_Temple_of_Coffee_BAYSWATER
12573897,0.0005305603389349277,1116,Senor_Ceviche_Charlotte_Street
12113945,0.0005304590827236801,1117,Lorne_Restaurant
1550869,0.0005302883408617159,1118,The_Monsoon
680380,0.000530160003812504,1119,Strada_Southbank
1576792,0.0005300373346557881,1120,Pizza_East
1587787,0.0005299264139214198,1121,Barrica
1044216,0.0005298732877820252,1122,Hansom_Cab
5508289,0.0005298590370746846,1123,Wahaca_St_Paul_s
3296360,0.0005298045746488741,1124,Indian_City
11836064,0.0005297898940440224,1125,Smokestak
1420214,0.0005296922481745349,1126,LayaLina
731547,0.0005295648113915552,1127,Wahaca_Soho
10079921,0.0005294651702824233,1128,Romulo_Cafe_and_Restaurant
12140086,0.0005292046979655877,1129,Comptoir_Libanais_Gloucester_Road
3468435,0.0005291340143418459,1130,Burger_Lobster_Soho
2014544,0.0005285821005420072,1131,The_Plume_of_Feathers
4745174,0.0005282941146341764,1132,Flesh_Buns_Covent_Garden
8634196,0.0005282161521613152,1133,Lurra
10431777,0.0005279252746832445,1134,Bella_Roma_Italian_Restaurant
3308095,0.0005277978644052249,1135,Jack_s_at_the_Junction
3386306,0.0005275457507987637,1136,Wahaca
1389545,0.0005273378340367148,1137,L_Atelier_des_Chefs
4238783,0.0005272928095568791,1138,La_farola
3870327,0.0005272096466835511,1139,The_Life_Goddess_Store_Street
719989,0.0005271708761975832,1140,Manna_London
812769,0.0005268871541351816,1141,La_Pappardella
7934476,0.0005267960031443567,1142,Cahoots_Underground
3507831,0.000526763065064227,1143,Poppies_Fish_Chips
720871,0.0005263532787021558,1144,Union_Tavern
1010120,0.0005262390344745914,1145,Abeno
2690538,0.0005260485670932664,1146,The_Diamond_Jubilee_Tea_Salon
2385796,0.0005260284345009181,1147,The_Williams_Ale_Cider_House
6973140,0.0005259273615374406,1148,Heap_s_Sausages
1044781,0.0005258325968821403,1149,The_Wilmington
10281508,0.000525743284484975,1150,Chit_Chaat_Chai
1389723,0.0005253818842652998,1151,Paternoster_Chop_House
6127023,0.0005249829493481464,1152,Trattoria_Terra
928576,0.0005248369996222536,1153,Las_Iguanas
3862645,0.0005247524824422175,1154,Kinkao_Thai
2561810,0.000524644425898832,1155,Princess_of_Prussia
733673,0.0005245227297662449,1156,Gallipoli_Bistro
1381997,0.0005245077188102467,1157,Refuel
4107793,0.0005242571900913124,1158,The_Pride_of_Spitalfields
1778712,0.0005241509149520875,1159,The_Summerhouse
928581,0.0005238825877771083,1160,Sake_no_Hana
2256991,0.0005238597613890013,1161,Hung_Drawn_Quartered
1385638,0.0005236710899312728,1162,Brasserie_Max
4739451,0.0005232785467310297,1163,The_Marylebone_Hotel_Restaurant
4565320,0.0005224220104364802,1164,Honest_Burgers_Camden
7140024,0.0005221514092205768,1165,Senor_Ceviche
1044602,0.0005219363977126182,1166,The_Ring
2520599,0.0005216231335460221,1167,The_King_Of_Falafel
12316301,0.0005210198349864935,1168,Dirty_Bones_Soho
733360,0.0005209412934661933,1169,The_Walmer_Castle
7130836,0.0005208432287725835,1170,Hook
10200089,0.0005207383174609205,1171,Mora_Restaurant
1488087,0.0005207093734201234,1172,Loco_Mexicano
4309137,0.0005204717546057536,1173,RAPSA
10501693,0.0005204499815654138,1174,Texas_Joe_s_Slow_Smoked_Meats
1937881,0.0005203716031526791,1175,O_Sole_Mio
796897,0.0005202081878477318,1176,Hache_Camden
3674055,0.0005195465558405034,1177,Burger_and_Shake
1381895,0.0005194827125382897,1178,The_Goat
7935300,0.0005193407826547522,1179,Pizzicotto
1023132,0.0005191728820068504,1180,Petek
8679076,0.0005191497219388768,1181,Dirty_Bones_Carnaby
11908107,0.0005188767968572944,1182,Aviary
8764556,0.0005185683478701635,1183,Hoppers_Soho
2014299,0.0005185555048379649,1184,MezzoRoma_Lounge
733351,0.0005184610560044809,1185,Kappa
1043836,0.0005178331626571438,1186,Anacapri
8298187,0.0005177659066042984,1187,Burberry
3438280,0.0005175745829416562,1188,Honest_Burgers_Meard_St_Soho
12189477,0.0005175270086361277,1189,Hawksmoor_Borough
12272530,0.0005174857705527754,1190,The_Cheese_Bar
2000067,0.0005172784102274589,1191,Dinner_by_Heston_Blumenthal
3452407,0.0005172201930565294,1192,Homeslice_Neal_s_Yard
720065,0.000517044067025039,1193,Momo
8528991,0.0005167631443347471,1194,Nenno_Pizza_Restaurant
7649140,0.0005165767153507995,1195,The_Real_Greek
929505,0.000516480776154387,1196,New_Fortune_Cookie
6598753,0.0005163894411071749,1197,Peter_s_Cafe
8549722,0.000516162058179482,1198,Iberica_Victoria
1019002,0.0005161452612388293,1199,Le_Restaurant_de_Paul
3741202,0.0005157892465477831,1200,Flat_Iron
720079,0.0005156032370142415,1201,Moshi_Moshi
3982765,0.0005154723817175572,1202,The_Pompidou_Cafe
7345750,0.0005154162472269882,1203,Sky_Pod_Bar
4098078,0.000515403805786817,1204,The_Clove_Club
12375817,0.0005153355228152631,1205,Zala_grill
2329040,0.0005152053126186211,1206,The_Breakfast_Club
8659975,0.0005151400366597238,1207,Dishoom_Carnaby
11856169,0.0005149802045561686,1208,Bar_Douro_London_Bridge
1501595,0.0005149625125909474,1209,Sicily_by_da_Scalzo
8393108,0.0005148589494864008,1210,Orient
3639543,0.0005148280528722347,1211,Steak_Co_Garrick_Street_Covent_Garden
3437156,0.0005147985757069113,1212,Bill_s_Soho
2011025,0.0005147167658562534,1213,Bella_Italia_South_Kensington
1163581,0.0005146719368110674,1214,Marquis_of_Westminster
10148721,0.0005144499286891081,1215,Peninsula_Restaurant
10057616,0.0005144020671821502,1216,Absurd_Bird_Spitalfields
11576237,0.0005142602950527356,1217,Aquavit_London
7095272,0.0005139691744435094,1218,Kanada_Ya_Ramen_Bar
1015650,0.0005137536196390783,1219,Clos_Maggiore
776283,0.0005136525600421362,1220,Satay_House
1044565,0.0005125209908873087,1221,Porcupine
1382719,0.0005124890045865852,1222,Dotori
776287,0.0005121347047496688,1223,The_Ivy
1044630,0.0005115857521058106,1224,Sergio_s
1989919,0.0005115476159202749,1225,The_Pembroke
1078760,0.0005114070476773922,1226,Garfunkel_s
3647079,0.0005113439463589555,1227,Barrio_Shoreditch
737343,0.0005110766152562246,1228,Chettinad_Restaurant
802561,0.0005110323122545563,1229,Addie_s_Thai_Cafe
1497359,0.0005110120707859136,1230,Il_Posto
3669034,0.000510987427309173,1231,Condesa
3156322,0.0005109834112356028,1232,Mari_Vanna
734065,0.000510815546281145,1233,Haz
1113257,0.0005106798734757463,1234,Rossopomodoro_Covent_Garden
10366272,0.0005091492427193814,1235,Il_Primo_Ristorante
4053658,0.0005090880443294452,1236,The_Mayor_of_Scaredy_Cat_town
5980976,0.0005087630649607029,1237,Mr_Fogg_s_Residence
3784979,0.0005087400479786135,1238,Macellaio_RC_South_Kensington
731444,0.0005084110923086212,1239,Vinoteca_Farringdon
719688,0.0005083522320750997,1240,Le_Gavroche
3928905,0.0005082916985745563,1241,Greenberry_Cafe
1513401,0.0005080569984103509,1242,Spaghetti_House_Woodstock_Street
5776914,0.0005079719350747819,1243,Ember_Yard
2459949,0.0005079378704351702,1244,The_Anchor_Tap
6672740,0.0005077758346262151,1245,Sinabro_Restaurant
719246,0.0005071476886372746,1246,Govinda_s_Pure_Vegetarian_Restaurant
6612075,0.0005070804807754019,1247,May_Fair_Kitchen
2389743,0.0005068504576348369,1248,Tapas_Revolution
8564086,0.0005067183528055017,1249,Wright_Brothers_South_Kensington
4724966,0.0005066684398244764,1250,Chop_Shop
6956842,0.0005063637831056614,1251,Boro_Bistro
1017383,0.0005062498430129136,1252,The_English_Restaurant
9709471,0.0005060652886663469,1253,Le_Bab
10480574,0.0005058340685722189,1254,Clipstone
7989434,0.0005057055142102398,1255,The_Botanist
8427318,0.0005055691605455964,1256,Korova_Restaurant
3208695,0.0005050500971865296,1257,The_Victoria
3685024,0.0005050404918020677,1258,The_Lemon_Tree
1044651,0.000504688692386229,1259,Skinners_Arms
4776534,0.0005046548730811356,1260,Pizza_Pilgrims
8829706,0.0005044242488770151,1261,Darjeeling_Express
5448194,0.0005041666526285398,1262,CheMen_Restaurant_Bar
6609446,0.0005041593264672844,1263,New_London_Cafe
4702650,0.000504129767751848,1264,Fish_Wings_and_Tings
795283,0.0005041032544131093,1265,The_White_Lion
11899664,0.0005039511464815198,1266,PAUL_Earls_Court
2008532,0.0005037784795227422,1267,Caminata
733238,0.0005035889712943614,1268,Champor_Champor
2347681,0.0005030947298575095,1269,La_Pizzica_Restaurant
8381271,0.0005028181835322875,1270,Union_Viet
8855999,0.000502763992420968,1271,Steak_Co_Gloucester_Road_Kensington
1388956,0.0005026053962013657,1272,De_Amicis_Ristorante_Italiano
2374067,0.0005023320191198485,1273,Honest_Burgers_Brixton
1386569,0.0005023092439040587,1274,Boisdale_of_Bishopsgate
7294256,0.0005017698695757164,1275,Honest_Burgers
5439908,0.0005017242417352381,1276,Cafe_Route
2012798,0.0005014662391600999,1277,Gola_Restaurant
7342347,0.0005012836170803945,1278,Hudson_s_House
1180250,0.0005009798864819332,1279,Inamo_Soho
943038,0.0005006686783557402,1280,Lots_Road_Pub_and_Dining_Room
10165006,0.000500356858384462,1281,Padella
2064530,0.0005002958222761894,1282,Bellaria_Restaurant_Wine_Bar
7083953,0.0005001715987478872,1283,Tredwells
8035740,0.0005001638124540284,1284,Ngon_Ngon
2306888,0.0004999887247126372,1285,Princess_Victoria
4090927,0.0004999209727796548,1286,Poppies_Fish_and_Chips_Camden
1385603,0.000499650918129554,1287,Cafe_Rouge_Hays_Galleria
1674921,0.0004992726238691047,1288,Tukdin
2490522,0.0004990186627896896,1289,East_Street_Fitzrovia
8663792,0.00049893080860479,1290,Egg_Break
8772275,0.0004989124613267998,1291,Gunpowder
1389784,0.0004985829697346142,1292,Spaghetti_House_Bryanston_Street
4746114,0.0004983829585174965,1293,The_Nell_Gwynne_Tavern
733252,0.0004983015830306437,1294,Punch_Tavern
8138563,0.0004980868617492884,1295,IRVIN_BAR_GRILL
5003314,0.0004979472819967542,1296,Honest_Burgers
9752531,0.0004978734863844051,1297,Honest_Burgers_Covent_Garden
11871035,0.0004977617639194266,1298,Cinnamon_Bazaar
1901493,0.0004977614435785635,1299,The_Queens_Arms
2011019,0.0004975413458138684,1300,Bella_Italia
5247729,0.0004965604599472717,1301,Afternoon_Tea_at_The_Montague_on_The_Gardens
9582978,0.0004964216964419914,1302,100_Wardour_St
3421937,0.0004963124429860759,1303,Mr_Falafel
737397,0.0004961733241591213,1304,The_Builders_Arms_Kensington
1385619,0.0004960575402980775,1305,Brasserie_Blanc_Chancery_Lane
8599829,0.0004957976093070703,1306,Oklava
680360,0.0004955506749121805,1307,Wagamama
797051,0.0004949624263357683,1308,Fig_Olive
10837618,0.0004949617300974225,1309,Macellaio_RC
2002917,0.0004947180281639797,1310,Custom_House_Pub
7187050,0.0004945513928446132,1311,The_Admiralty
4028625,0.0004944682101895997,1312,Bill_s_Covent_Garden
810024,0.0004940980506047845,1313,Gaucho
2001464,0.0004938192213662903,1314,Best_Mangal_1996
10183312,0.0004936874389706419,1315,Humble_Grape
911355,0.0004934646973853302,1316,Ask_Italian_London_Gloucester_Arcade
1010111,0.0004933567289477843,1317,Scoff_And_Banter_Kensington
7999757,0.0004933059747489608,1318,BAO_Soho
1006016,0.0004929663509098127,1319,Lanes_of_London
10441937,0.0004926536995644597,1320,Delamina_EAST
10027950,0.0004921868975016861,1321,Dalloway_Terrace
7291976,0.0004921161000084416,1322,Pizza_Pilgrims
9807562,0.0004915853346456886,1323,The_Gibson
8782212,0.0004911522063390259,1324,Pho_Bun
720725,0.0004910890158107947,1325,The_Old_Red_Cow
1457059,0.000491032340881234,1326,Premises_Cafe
3696403,0.00049059419965163,1327,Patty_Bun
8726149,0.0004905215956860683,1328,Honest_Burgers
5244240,0.0004905042845123912,1329,Frankie_Benny_s
3337318,0.0004903322017169032,1330,The_Queens_Head
7059777,0.0004900547345245012,1331,Thali_Pickles_Indian_Dining
1976100,0.0004899746543787485,1332,Wahaca_White_City
11899102,0.0004894732455099543,1333,Bar_Block_Steakhouse
9986073,0.000489326757465672,1334,Taste_of_India
3343549,0.0004884959968496977,1335,Little_Wonder_Cafe
2181169,0.0004880274640083398,1336,Pilpel
1043993,0.00048783724179282656,1337,The_Champion_Notting_Hill
1019723,0.0004877409949249102,1338,Wagamama
733544,0.0004877374691413668,1339,Salvador_Amanda
2509966,0.00048737488083255826,1340,Double_Six
718509,0.00048727361144942417,1341,The_Churchill_Arms
5565123,0.00048695378831882936,1342,St_Pancras_Bar_Restaurant_Fortnum_Mason
4213238,0.0004862193292620206,1343,Sushinoen
816904,0.0004859045182152328,1344,Beck_s_cafe
4562632,0.00048550590918151936,1345,Niche_Gluten_free_Dining
720551,0.0004853164481172736,1346,Simpson_s_in_The_Strand
13277561,0.00048499854666084706,1347,Indian_Accent
4570741,0.0004846816787529685,1348,Cacciari_s_Italian_Pizzeria_Restaurant
3977933,0.0004846501400727345,1349,The_Zetter_Townhouse_Cocktail_Lounge
8286686,0.0004842397024743959,1350,Pure_Cyprus
6677263,0.0004836937893110422,1351,Steak_And_Lobster_Warren_Street
730595,0.000483466486077209,1352,The_Grenadier
4794967,0.0004833848255390094,1353,Obica_Mozzarella_Bar_Poland_Street
1948136,0.00048322705370897913,1354,Octoberfest_Pub_London
4925531,0.00048320414729871407,1355,Kozzy_Cafe
1351573,0.00048317576359774647,1356,The_Sun_In_Splendour
2174073,0.00048280292988912355,1357,Bar_Bruno
3642599,0.0004827069688806837,1358,La_Barrique_Wine_Bar_Pizzeria
968831,0.0004826977704687073,1359,Luna_Rossa
8844365,0.00048259828125030944,1360,Oriole_Bar
698013,0.0004825008272925566,1361,Adams_Cafe
10428928,0.00048196316511872253,1362,Mercante
10249742,0.000481794244704508,1363,Farmacy
1422087,0.00048173398210871963,1364,London_Showboat
2005321,0.0004814988739899952,1365,Itsu
10452611,0.00048142149723407076,1366,Al_Basha_Restaurant
9822404,0.0004811197664427068,1367,Mildreds_King_s_Cross
9600640,0.00048082342211267995,1368,Pho_Saigon
1421189,0.0004808126633025081,1369,London_Steakhouse_Co
7203678,0.0004807346221944873,1370,Shoryu_Carnaby
6404047,0.00048055805385579034,1371,Lady_Dinah_s_Cat_Emporium
11397004,0.0004795336532873159,1372,Jikoni
1989581,0.0004790691655239825,1373,Brasserie_Joel
1496937,0.00047900265191340734,1374,Orjowan
1390764,0.0004783007785333042,1375,Troia_Southbank_Charcoal_Kebab_Kitchen
2169900,0.0004782025304251828,1376,Alice_House_Queen_s_Park
3982877,0.00047791757808509836,1377,Pitted_Olive
3845095,0.0004776169962401019,1378,Golborne_Deli_Bistro
8087273,0.0004771845288251903,1379,Efes_Restaurant
6759550,0.00047711158644953163,1380,Monkey_Temple
13277746,0.000476612266106322,1381,Parsons
2445176,0.00047655501852403873,1382,Muriel_s_Kitchen_South_Kensington
1760742,0.0004765047093427937,1383,The_Jack_Horner
700008,0.00047636866253822563,1384,L_Autre
6171524,0.00047555992961337306,1385,Cafe_Parisienne
1133841,0.00047516363065973637,1386,Mother_Mash
6367142,0.00047512837217021387,1387,Mirror_Room
2188441,0.00047481465889964166,1388,Strada_St_Katharine_Docks
2348724,0.00047468182227240616,1389,The_Lobby_Bar
680423,0.00047398509182766966,1390,Wagamama_Covent_Garden
3953732,0.0004736846874045851,1391,The_Walrus_and_The_Carpenter
8116334,0.00047359881373136494,1392,The_Little_Viet_Kitchen
7681954,0.0004734374193271536,1393,Pulia
8118034,0.0004734268758459842,1394,Bellillo
11046572,0.00047340341747679533,1395,Margot
11876926,0.00047315726099702194,1396,Sfoglia_Bologna_al_Mattarello
2188446,0.00047312933999951577,1397,Aqua_Nueva
8821461,0.0004729375781552825,1398,Escocesa
3485788,0.0004726591802419858,1399,The_Nightjar
3169695,0.0004723181368438185,1400,Spaghetti_House_Kensington_High_Street
10536378,0.0004719521775681747,1401,Joe_s_Kitchen
1381204,0.00047124538692848065,1402,Scoff_Banter_Bloomsbury
968977,0.0004710034946271019,1403,Viet_Grill
7064338,0.00047098610809269414,1404,Escudo_de_Cuba
10133994,0.0004707612570381354,1405,Suburb_SW11_Bar_Dining
778374,0.0004701006753344547,1406,Annabel_s
720286,0.00047005696413843164,1407,The_Peasant
2352488,0.00047001894600836555,1408,Drink_Shop_Do
11855719,0.00046987966178250307,1409,Lobos
3369127,0.0004698141402196727,1410,Melange
2570369,0.00046979609806178176,1411,Umami
1861210,0.0004696957637612591,1412,Tea_and_Tattle
10373643,0.00046931028306752457,1413,Pizza_Pilgrims
3532819,0.0004691092047092663,1414,Banana_Tree
13109544,0.00046867220803118045,1415,Noize
5814601,0.00046852101151430086,1416,Paccata_Crouch_End
720841,0.0004684012229830748,1417,Tokyo_Diner
1044372,0.00046812267807712355,1418,Leinster_Arms
2058878,0.0004678752674447085,1419,NOPI_Downstairs
734021,0.00046783230565821505,1420,Los_Molinos
2666294,0.0004676447920420007,1421,Buckingham_Arms
2476295,0.00046757662850714215,1422,Khamsa
11626949,0.00046750938445906085,1423,Kiln
1495364,0.0004671122813578662,1424,Museum_Tavern
3296991,0.00046708374341225995,1425,Saporitalia
731402,0.0004668252950574857,1426,The_Wolseley
1018951,0.0004667976574946181,1427,Zizzi_The_Strand
1837788,0.00046651806197658496,1428,The_One_Tun
2667074,0.0004664209777210154,1429,The_Queen_s_Arms
13274110,0.00046634563449705495,1430,Darcie_May_Green
11672977,0.000465629181745895,1431,Chick_n_Sours
7113348,0.0004656221206979333,1432,Wahaca_Oxford_Circus
2187326,0.0004654686290198723,1433,Angus_Steakhouse
2014346,0.0004653595839189287,1434,The_Famous_Curry_Bazaar
2420280,0.00046521635522832404,1435,Tao_Tao_Ju
8582452,0.0004649664674103457,1436,Mac_And_Wild_Fitzrovia
10199792,0.00046485331973192826,1437,Bodean_s_BBQ_Covent_Garden
733255,0.0004647733716631104,1438,Dans_Le_Noir
812801,0.00046433036725701055,1439,African_Gallery_Kitchen
12518072,0.00046430878969541954,1440,The_Oystermen_Seafood_Bar_Kitchen
8624205,0.00046401984698716506,1441,American_Bar
4403888,0.00046370732317281175,1442,The_English_Rose_Cafe
6468823,0.0004633246526199405,1443,Viet_Cafe
7268200,0.0004623328005741837,1444,Flat_Iron_Tottenham_Court_Rd
2086898,0.0004621842345920862,1445,Mango_Indian
10430922,0.0004619496735617983,1446,Som_Saa
9586365,0.00046119151578492417,1447,Bosa_Kitchen
11916265,0.0004607770019220426,1448,Tandoor_Chop_House
5433381,0.00046063244774864674,1449,Salento
2104410,0.0004594542518263944,1450,The_Swan
1989636,0.0004593169187130064,1451,Primo_Bar
2338441,0.00045832185782840914,1452,Ping_Pong_Bow_Bells_House
8769360,0.0004580093871004202,1453,Mr_Fogg_s_Tavern
734090,0.0004575559849300639,1454,Fish_in_a_Tie
10771430,0.000457458647077581,1455,Monmouth_Kitchen_Covent_Garden
3702346,0.00045725281480489137,1456,Opium_Cocktail_Dim_Sum_Parlour
10498473,0.0004562740734690387,1457,The_Barbary
9592772,0.00045609047928822557,1458,Il_Cucciolo_Ristorante_Italiano
1516414,0.0004560281355601123,1459,Angus_Steakhouse
1017393,0.0004554550196381582,1460,Memories_of_India_Kensington
1019713,0.0004553716937528305,1461,Wagamama
2697963,0.0004551499342984798,1462,Senzala
718602,0.00045379229053772887,1463,The_Delhi_Brasserie
7014680,0.0004535029730172325,1464,PIX
4295510,0.00045312287081023564,1465,Wildwood_Kitchen
12992848,0.0004527304402106293,1466,Flour_Grape
6749683,0.00045219809392951565,1467,Honest_Burgers
13184092,0.00045142315845246323,1468,Meze_Mazis
11797688,0.00045110681175873895,1469,J_Sheekey_Atlantic_Bar
12290895,0.00044972945719772185,1470,Kibele_Restaurant_Bar
2560681,0.0004494719593953695,1471,The_Breakfast_Club
11965874,0.0004484132229991573,1472,Bala_Baya
11741146,0.00044817916325825917,1473,Mnky_Hse
5544575,0.00044808571214686625,1474,Black_Cat_cafe
732280,0.0004480554881252749,1475,Jamon_Jamon_Camden
6487769,0.00044791404807387696,1476,Honest_Burgers
2154460,0.0004478055713919837,1477,Palms_of_Goa
10206729,0.00044697957255925675,1478,Mister_Lasagna
7791735,0.000446893973919797,1479,KuPP_Paddington
6847140,0.0004466671126134233,1480,The_Craft_Beer_Co_Covent_Garden
11894306,0.0004461001746780477,1481,CERU
1016157,0.00044607312491017255,1482,Little_India
3965968,0.0004457507746801087,1483,Philomena_s_Bar_Cafe
699656,0.00044562925044458967,1484,Hakkasan_Hanway_Place
12665897,0.0004456086667938675,1485,Sushi_Atelier
1015646,0.00044547968795196914,1486,Cyprus_Mangal
6731453,0.0004453162198665166,1487,Shoryu_Soho
10304817,0.0004451066051676243,1488,Frankie_Benny_s
7337074,0.000445030212535085,1489,Tania_s_of_Hampstead
10746799,0.00044426832549231707,1490,Mr_Fogg_s_Gin_Parlour
720992,0.00044404181156592346,1491,Zonzo_Restaurant
1007854,0.0004438277315836322,1492,The_Breakfast_Club
10190924,0.00044370829150236415,1493,Anglo
10464803,0.00044314429425805333,1494,Flat_Iron_Curtain_Road
6459347,0.0004429743363053763,1495,Verdi_Italian_Kitchen
1554184,0.00044231188371464516,1496,William_s_Bar_and_Bistro
6694344,0.0004414961721052512,1497,Burger_and_Lobster_Oxford_Circus
1006008,0.0004414735227791388,1498,Aphrodite_Taverna
8826807,0.0004414691129798341,1499,Mildreds_Camden
12700680,0.00044119001420317157,1500,Falafel_Feast
6352741,0.00044076961430741275,1501,Salt_Pepper
2302156,0.0004405384979611445,1502,Byron_Old_Brompton_Road
1018970,0.0004404747309493091,1503,Zizzi_Paddington_Street
13113158,0.0004394059386862167,1504,Dishoom
3954108,0.0004384114565580074,1505,Riverside_Cafe_Lambeth_Pier
2458138,0.0004379236311353632,1506,Thai_West_Cafe
6962366,0.0004375817599909841,1507,FINCHLEY_KITCHEN
8874016,0.0004373366898662725,1508,Hobson_s_Fish_Chips
3930775,0.0004371525390974387,1509,Hache_Shoreditch
12387873,0.00043715227184838723,1510,Lupins
8617056,0.00043713519042304306,1511,Richard_Haward_s_Oysters
8799555,0.00043677531976187754,1512,The_Bike_Shed
11798530,0.0004361949645942852,1513,Steak_Co
1499193,0.0004342341168570845,1514,The_Prince_Edward
1469445,0.00043411130240671576,1515,The_Kings_Head
7655602,0.00043296485629116827,1516,My_Place_Soho
9877724,0.0004322031088910178,1517,Big_Moe_s_Diner
10629623,0.0004321839120292023,1518,Absurd_Bird_Soho
3135249,0.00043192014384865263,1519,The_Monkey_Puzzle
5888154,0.0004315733122745946,1520,Leggero
1043914,0.0004314385075142609,1521,The_Blackbird
3677102,0.00043128438841087463,1522,Shoryu
12959552,0.00043110925416228144,1523,Salsa_Temple
11841844,0.00042987014993298107,1524,Temper
10489008,0.0004296007261691719,1525,Foley_s
5264266,0.00042847859378602234,1526,Caboose
11776186,0.0004283055971183988,1527,Poppies_Fish_Chips
1389613,0.00042790806078703313,1528,Mint_Leaf_Lounge
719346,0.00042744212854789064,1529,Ichi_Riki
13206404,0.000426627008759843,1530,Sophie_s
5292714,0.0004264634240983751,1531,Sapori_Cafe_and_Restaurant
1385651,0.0004248827636515933,1532,Bistro
1211206,0.00042382273727153524,1533,Monkey_and_Me
10536782,0.00042380506958008196,1534,Coach_Horses
4471885,0.00042340770249354277,1535,Brazilian_Gourmet
5122093,0.0004220378205726626,1536,Ye_Olde_Mitre
10170004,0.0004215587587239446,1537,The_Stable
12883339,0.00042070303026974545,1538,Frog_By_Adam_Handling
12332204,0.0004206528936561446,1539,Franco_bar_kitchen
3370922,0.0004205792525622116,1540,Lime_Orange
2371412,0.00042009637136301923,1541,Banana_Tree_Soho
10168606,0.00041997095521904734,1542,Kanada_Ya_Panton_Street
3407421,0.0004188536109281223,1543,The_Red_Lion
1914350,0.0004186176781769758,1544,Portobello_Ristorante
784344,0.00041855206057766554,1545,222_Vegan_Cuisine
10686444,0.00041846384291648823,1546,Ye_Olde_Watling
733511,0.00041822756818373234,1547,All_Bar_One_St_Pauls
6802812,0.00041757686235453274,1548,Portobello_Garden_Caffe
7256668,0.0004174566363821723,1549,Olive_And_Lemon_Cafe_Bistro
13202151,0.0004167655006771998,1550,Nest
6728625,0.0004163970748900358,1551,Franco_Manca
8697263,0.0004161297869914166,1552,Champagne_Fromage_Greenwich
2233585,0.0004158321686001306,1553,Chiquito
12957900,0.000414899693414365,1554,Omnino_Brazilian_Barbecue
10850294,0.00041378117554619434,1555,Tongue_Brisket
8382000,0.00041361636642955196,1556,Revolution_Bar_Clapham_High_Street
733341,0.0004130796588020739,1557,Mosob_Restaurant
6887889,0.00041251495286339154,1558,Sahara_Grill_Whitechapel
13206581,0.0004123588775655992,1559,Minted_Lounge
12569115,0.0004119976975961813,1560,Wild_Thyme
5122848,0.00041188076741678923,1561,The_Tower
5442857,0.0004106695278443405,1562,Liz_Cafe
3419174,0.00041009088223813216,1563,Pret_a_Manger_London_Notting_Hill_Gate_W11_branch
2006413,0.0004063096367499075,1564,Artisan_Grill
8142580,0.0004056584519455715,1565,Shakeshuka
8633954,0.0004055180648390156,1566,Pie_Minister
2704273,0.0004051574817241954,1567,Speedy_s_Sandwich_Bar_Cafe
2693579,0.0004048561027588685,1568,Garfunkel_s_Restaurant
1016670,0.00040401612661560883,1569,Khan_s_of_Kensington
3477816,0.0004039938412089831,1570,Evans_Peel_Detective_Agency
11014388,0.00040373427285710615,1571,Meridionale
11726243,0.0004036367182414795,1572,Little_Brazil_Bar_Restaurant_Ltd
5929722,0.0004035113951496508,1573,BrewDog_Shepherd_s_Bush
6619139,0.00040283782016597714,1574,Wassouf_Lounge
10692226,0.0004027877261626646,1575,Sagardi_Basque_Country_Chefs
1128779,0.00040275970008480234,1576,The_Marquis
12385345,0.00040233674465589347,1577,Clarette
3331078,0.0004022105577117105,1578,Sussex_Arms
5778563,0.000401265880064113,1579,St_James_Bar
12598991,0.0004012586115197652,1580,Mei_Ume_Restaurant
3377005,0.0004011784429494195,1581,El_Rancho_De_Lalo
4505548,0.0004011023192795961,1582,The_House
11689131,0.0004006697584661607,1583,Popolo_Shoreditch
5122723,0.000400156525710376,1584,Fifty_Five
12224475,0.0003993373966146059,1585,The_London_Burger_Co
11895065,0.00039825090881825736,1586,Corazon
10819843,0.00039802427850234453,1587,The_Yorkshire_Grey
12323648,0.0003975045949173925,1588,Da_Moreno
1071328,0.00039741082703272204,1589,The_Promenade_at_The_Dorchester
1316717,0.00039736734961432586,1590,Cafe_Tarte
2014574,0.0003959092266633951,1591,Zizzi_Central_St_Giles
12492163,0.0003958058406346136,1592,Boxcar_Bar_Kitchen
4311625,0.00039536940860226006,1593,The_Drawing_Rooms
4771896,0.0003951726782300903,1594,Pret_A_Manger
11866498,0.00039402108614335226,1595,Honest_Burgers_Baker_St
3850113,0.0003936322348717669,1596,St_Ermin_s_Tea_Lounge
10814479,0.0003925854317019304,1597,Heist_Bank
4548040,0.00039252033462021613,1598,Rakkas
12071485,0.0003920426039974277,1599,Kaosarn
11838878,0.0003909723659387258,1600,London_Shell_Co_Aboard_The_Prince_Regent
10517649,0.0003908910914418269,1601,Honest_Burgers
9769346,0.00039075339703697565,1602,Sodo_Pizza
11996010,0.0003900709887519454,1603,Lahpet
2144114,0.0003893050990953841,1604,Al_Forno_Shepherd_s_Bush_Green
12612094,0.0003892858536570888,1605,Tibita
12116984,0.00038918863516132854,1606,Ralph_s_Coffee_Bar
7817870,0.00038889816352059186,1607,The_Schoolhouse
7856142,0.0003886691697310271,1608,Kona
12880340,0.00038857283144941166,1609,Ichibuns
10677822,0.0003885407146482934,1610,Dirty_Bones_Shoreditch
4794818,0.00038816231164305105,1611,Pret_A_Manger
7045855,0.00038713362875957024,1612,Omnino_Leadenhall
10485157,0.00038667098992940097,1613,Tarshish
4750437,0.0003865695530162295,1614,Revolution
1783725,0.00038623995939722483,1615,Siam_Garden
13223654,0.0003844609565244112,1616,Melabes
12460798,0.00038436735639218306,1617,Honest_Burgers_Borough
10868402,0.0003834907892892954,1618,Pizzeria_Di_Camden
7202054,0.00038128765345167933,1619,The_Temple_Brew_House
12716170,0.0003811208962861233,1620,Ella_Canta
12246210,0.0003805232037468014,1621,Fast_Break
1391395,0.00038047318084578175,1622,Apollo_Restaurant
804934,0.0003793493653354514,1623,Gaucho_Smithfield
3846295,0.000378894680069102,1624,The_Duchy_Arms
7355954,0.0003780413083907792,1625,Half_Cup
11905307,0.0003774743471905917,1626,Sidi_Bou_London
12634681,0.0003768686233210859,1627,Wild_Heart_Bar_Grill
6847707,0.00037500266426459633,1628,Bonnane_cafe
804199,0.00037494963398980214,1629,Jasmine_Thai_Restaurant
11789417,0.00037452525305979714,1630,Supawan_Thai_Restaurant
9731899,0.00037437332687310384,1631,Pret_a_Manger
9867131,0.0003740238705911712,1632,Theo_s_Simple_Italian
1160304,0.00037345839439635505,1633,Villa_Rosa
12658903,0.00037299765269423955,1634,Laz_Camden
11881554,0.00037237199023499933,1635,Mio_Restaurant
1381391,0.0003717478885178484,1636,HMS_Belfast
2711744,0.0003716806901269414,1637,Cacciari_s
9732087,0.00037167894211051207,1638,Pret_a_Manger
6578764,0.00037120744798722633,1639,Cafe_Tiffin
5768921,0.0003703178172233499,1640,Red_Rose_Takeaway
11876307,0.00037002532927383146,1641,Sichuan_Chef
11768375,0.0003684955457173521,1642,Treves_Hyde
12972234,0.0003679677952662094,1643,Plate_Restaurant_Bar_and_Bake
9593567,0.0003670364354945878,1644,Brewhouse_Kitchen_Highbury
13234520,0.00036683691825657185,1645,Granary_Square_Brasserie
7241477,0.0003663401293203774,1646,Mangio
12116313,0.0003658229991134976,1647,Shahi_Pakwaan
5953939,0.000365113370338002,1648,Dulce_Cafe
4910537,0.00036472025229537607,1649,Sugar_Cane_bar
11877515,0.00036463354308940846,1650,Emilia_s_Crafted_Pasta_St_Katharine_Docks
1408975,0.000363852109834358,1651,The_Egerton_House_Hotel
12269625,0.0003633422031881958,1652,Saka_Maka
2257015,0.0003631728757403912,1653,The_Crown_and_Cushion
12358578,0.0003624347465619662,1654,Satyrio_Restaurant_Wine_Merchant
1014039,0.00036178876382644506,1655,Bengal_Quay
12513729,0.0003589459838465164,1656,Piebury_Corner_Kings_Cross
13150804,0.0003573413770847353,1657,Bombay_Bustle
12277228,0.00035721197812553875,1658,Tanakatsu
12962245,0.0003564342860738433,1659,Home_SW15
4326770,0.0003562338326792092,1660,Gianni_s_Sandwich_Bar
13078631,0.00035578706370209773,1661,Hovarda
10697247,0.0003557494077644911,1662,Meridian_Lounge
13006784,0.00035479803887788705,1663,Yum_Sa
12392823,0.00035320680390398267,1664,Leicester_Square_Kitchen
8487774,0.00035230415715193074,1665,La_Belle_Assiette_UK
10463279,0.00035098241269553395,1666,Franzina_Trattoria
12319255,0.00034993871670232986,1667,The_Sipping_Room
12625586,0.00034776435999272435,1668,The_English_Grill
10426077,0.0003464941712332918,1669,Smoke_Salt
10791411,0.00034589484067047666,1670,Its_All_Greek_to_Me
13187831,0.00034480668915638036,1671,L_Antica_Pizzeria_Da_Michele
12213063,0.00034447900367706686,1672,EaTurkish
6998867,0.00034300470008916134,1673,The_Horse_and_Stables
2008556,0.0003427673971273272,1674,The_Clerk_and_Well
10546662,0.0003425653229582797,1675,Pret_a_Manger
7261794,0.0003425359906232336,1676,Sheila_s_Cafe
1009434,0.00034218074367708886,1677,Cafe_Continente
1936737,0.0003415548640781661,1678,The_Chapel_Bar
3640498,0.00033915590206689254,1679,Cafe_12
6957721,0.0003354673180747765,1680,Ben_s_Fish_Chips_Restaurant
11963142,0.0003316253815941515,1681,Le_Tran_Cafe
12703766,0.0003309947528571085,1682,Crust_Bros
12296651,0.0003300204359912469,1683,Flock
2012103,0.00032884160371426127,1684,Elementree
10496258,0.00032618981100867927,1685,Honest_Burgers
13135838,0.00032581446005306564,1686,PerBacco
12864252,0.00032375928763065255,1687,Vegan_Yes
12926680,0.00032176135533282463,1688,Dhaba_49
10761375,0.0003162246647431228,1689,Tea_Darling_Refreshingly_Vintage
13294491,0.0003084856586313425,1690,Kudu_Restaurant
12949021,0.0003024968736227426,1691,The_Curry_Room
719659,0.0003012757772734379,1692,Lagenda_Restaurant
12947350,0.0002996972470913457,1693,Bowling_Bird
10517849,0.00029763736773987144,1694,R_H_Cafe_Art_Gallery
11912469,0.0002953441678660437,1695,Moor_Hitch
13001816,0.00028474076459462445,1696,Capeesh
8093529,0.0002847134974142916,1697,KataKata
13149344,0.00027786587547893736,1698,Osteria_Romana
12923460,0.0002576236019986412,1699,Bruce_Burgers
11961993,0.0002488435464392494,1700,Oi_Vita_Pizzeria
12866118,0.00024673581022060376,1701,Vantra_Vegan_Restaurant
13110566,0.0002426066011435375,1702,Paladar
13313894,0.00023058166997544334,1703,Revolution_Putney
731451,0.0001887003180909162,1704,Silka
12958913,0.00016494069359808798,1705,Hungry_Turtle
13276837,1.7423092651594326e-06,1706,The_Coach_Makers_Arms
