business_id,pseudo_birank_score,cold_start_threshold,score_source
-H6s1c2NRic5UKxXqi4FdQ,5.201446330227726e-05,20,cold_start
-P0cVKNzgqsqBsKkwngvpA,3.5431328854590274e-05,20,cold_start
-RzbRfPnKcwTixtokN-p6A,3.602700001666106e-05,20,cold_start
-SFSt3FkjGfavnyMpHsZPA,3.061122909413656e-05,20,cold_start
-Zb5_s9g-Jo5j4ntcvHK6Q,2.976820978336187e-05,20,cold_start
-bmzEhftbyGVuUQV9FIxmg,2.9646288457635064e-05,20,cold_start
-fCB9irkaglTWG7rBhcODg,6.61589975379933e-05,20,cold_start
-fvncmHOAGh4YSiTbCuqCQ,3.786915664000156e-05,20,cold_start
-mc0GB26tKLQhxKpuR3xUw,7.401240072473981e-06,20,cold_start
-rW8eTXkovH1NksTZzJ7Yg,4.4097851489305356e-05,20,cold_start
-tdKOhrg4dB3xz1tEYujLw,5.852090432014096e-05,20,cold_start
0-fNOKL8IQBVe97Xx593KA,2.7467442636218253e-05,20,cold_start
03YfclexPdS_yrIbU6ahaA,1.9958188644132742e-05,20,cold_start
0784txBW2zSqStI7Xzw6GQ,3.165896329988087e-05,20,cold_start
0ACFnKVLuLhAWU6NOic6JA,3.898070147379275e-05,20,cold_start
0FQKOh13Tkcfgbu6qeZtXA,2.378423687435003e-05,20,cold_start
0JGG50I4c9iAPrk7H8dRcg,2.780690331344591e-05,20,cold_start
0NsAFbMqOcyaeAvGiwo1NQ,1.849025326991652e-05,20,cold_start
0VPTpRg_99ZoQyYuf4sntg,4.9025208434825103e-05,20,cold_start
0_GkFTdRWeKyeI5O8ROmnA,2.5057541580883337e-05,20,cold_start
0c9jXm3tggwKsszKFJhylw,4.573610884126111e-05,20,cold_start
0h2g0Xv5ZNSQedhR9R2xLQ,6.387344004754681e-05,20,cold_start
0jDPdf7kIkjZuNDNVH8Qew,3.1270815255051764e-05,20,cold_start
0liks45enqVRV3_ORP2wng,2.6647987797200062e-05,20,cold_start
0qMuzRkFDNO-8OBZf3Yi3w,1.0374160959332264e-05,20,cold_start
0v6_mSaPBuBAKevIpRp-jw,2.139867766675565e-05,20,cold_start
0xmV6WSKyq0SFUa_uZKocw,3.452478122783579e-05,20,cold_start
0zHKg3EAOwROEn8hnYRvUg,4.0386441380935696e-05,20,cold_start
11oJkLpheKBkgTfmE1mEDA,6.573693196656984e-05,20,cold_start
1DCUoKRe971ZReg1nk-QIw,3.184383002672889e-05,20,cold_start
1H-RURg-RoOuSDmwAmMhLA,3.8474476125832924e-05,20,cold_start
1JxSgUivApwcRYFnXw23cQ,3.799585747360347e-05,20,cold_start
1ODBqsrWYKcby46CHOYjRw,5.412767299325272e-05,20,cold_start
1PKvoJ-jtw1UcuzCVtoqiw,3.182717496506713e-05,20,cold_start
1QzXiy2fOUHXOSYxeZrcXA,2.8180117785487565e-05,20,cold_start
1VUeZg25PebLy9ZMVCddbQ,1.079880801801013e-05,20,cold_start
1bsQMS1SeLxcqXrJQYVfGQ,1.1261770640851014e-05,20,cold_start
1eLL2eTmHwbrC6w1VzMjGw,1.4970569013724365e-05,20,cold_start
1gusOUHcPCeorq8EHWZaKA,7.02000490299719e-05,20,cold_start
1kzNeQbACsnSGR0ubpsNbQ,1.9698968510668695e-05,20,cold_start
1z0anwqdzkcarPVk8zg4cQ,2.790222168649957e-07,20,cold_start
22DNKxXIMwjcYa1DFebfqA,6.248679759033214e-06,20,cold_start
22JMnG7XzPRJC0aj-ipHtg,2.124785072364673e-05,20,cold_start
27x17_lW-rawrzv367mpNA,7.239878024713465e-05,20,cold_start
2FSMRmpCjkbAY615yJp_Qg,3.323110203251087e-05,20,cold_start
2GligoW65tr0PY0NE72WSQ,5.543895388432144e-05,20,cold_start
2JK2p9X5FftFxNwbqWdkdA,2.6132286149301082e-05,20,cold_start
2MKTSjcis749QGzm0vwFXw,7.889644645631379e-06,20,cold_start
2PX8MOkN6cPG7-gte7IpIQ,2.5160131840635837e-05,20,cold_start
2SLtQI24J5Qwolxil-W-MA,1.1938567604210666e-05,20,cold_start
2TYaq5AfaFi8kv_eacQYrA,4.709827623664956e-05,20,cold_start
2TwEl4XCxOTuOJUNMXp3Kw,6.575963686225104e-05,20,cold_start
2WqDjTxf9IoeVU52XnLZaw,1.554887952013026e-05,20,cold_start
2XlnquSnBb1ayfsw3Lk71g,2.3577377325092136e-05,20,cold_start
2dVJ7R-3JMmu2v4DJYtBbw,6.218209404419903e-06,20,cold_start
2gWAivEMugrIdrl0aol8IQ,6.712262398357678e-06,20,cold_start
2juujWzR3Ac_TSmbTzWawQ,3.512204838054098e-05,20,cold_start
2kvPnK4DLK09KHvvwEj1xg,1.1959286052346466e-05,20,cold_start
2mBzfKvAM4kSU6Gm9WS7lg,4.437470161030299e-05,20,cold_start
2oHyI8snh5WtEh83gSczlg,4.1548845370004965e-05,20,cold_start
2rvRTXkBB_8b0TSQiNmr3w,3.118693311711284e-05,20,cold_start
2s1e-4t_35JfQBXAluqqzg,3.528273942850413e-05,20,cold_start
2u0mmUtcEdvgeioiGE730w,1.0881866457734831e-05,20,cold_start
2yhZklZm-4SmAVYRdPK4XQ,3.5334223589853186e-05,20,cold_start
31Wj0ypO-F83ca_Q8bboMw,1.493871356179202e-05,20,cold_start
33CbYOIye2dtQrfiVGjaRg,2.3670874352571023e-05,20,cold_start
36rXK3hy6OR0k-tMBf1Ltw,2.543026253028628e-05,20,cold_start
3ArvoGCDuPYIj-RIInT8Dw,5.117560801716306e-05,20,cold_start
3NueMBnZyyGdqVW4v2-uEw,2.8277300185753588e-05,20,cold_start
3OzjmMmkVydF75t8VeY73A,4.582968708317437e-05,20,cold_start
3TagDMAD_Ciy0_Sg3kJf2w,1.3170411765422788e-05,20,cold_start
3TroNo3SClF2vXc1OnC44A,5.7087509328965584e-05,20,cold_start
3WhSMPpreTgGt53lk7NY3g,1.2298964864365486e-05,20,cold_start
3bXofhF2Jc1bacUL3p-_Tg,3.2764014026034884e-05,20,cold_start
3jfSmj2DvdsNdJm5xrlK8w,3.5965873032760314e-05,20,cold_start
3kNwvKixMwe44dWvQd5PAQ,4.9187841274123676e-05,20,cold_start
3lLHM-cAPU5VwJC7u7581Q,4.705721915828142e-06,20,cold_start
3o7L6OWJzKnjTlwh-hkAhg,2.7650850729922995e-05,20,cold_start
3pLLTz_flVK3r2DFsX6tNA,1.0342752551770117e-05,20,cold_start
3pX1xcKcin65_-LdZu-kkA,2.5291069344671287e-05,20,cold_start
3wILhQIc2A7pip-M9MC5uQ,1.757321605737064e-05,20,cold_start
41LdicYBvhBYLmDdXhB21Q,5.088743198301158e-05,20,cold_start
45f_mcoZd3tU5VtUbHfr0g,2.4005423332104653e-05,20,cold_start
48zRWlrJVh1rcpTQCIRvJA,8.782254846825714e-06,20,cold_start
4DxbEns9iihpilbffdzvPQ,3.062646331509423e-05,20,cold_start
4INCRF2drQv6ivUZHkCIJA,3.596122220072876e-05,20,cold_start
4JSDGbEILb9GZcRsLHs1rQ,2.6799791327333263e-05,20,cold_start
4MiYEI_-zKyCXNlElbhC0g,3.58650759979372e-05,20,cold_start
4OmYeez1ArtXkHMYGijaOg,2.4038969841960128e-05,20,cold_start
4W87MOGiHIzRtSfdruD18g,1.281965821758343e-05,20,cold_start
4Y84551O9LXWL8cBVWRWEQ,4.960102382496531e-05,20,cold_start
4g5Jkyj-bJdFuo7PkMhO_Q,1.5931146785868325e-05,20,cold_start
4mSdL2rei9tsT8xwsV-BBA,5.146630922403468e-05,20,cold_start
4mYPqTpCjHqx8Ee4TIERXA,3.571444656679829e-05,20,cold_start
4oI4ikLPM6yDyw0QUrv53Q,1.2066824027245245e-05,20,cold_start
4pwP8B5BpUThYVkOzDOd8Q,3.731828439180597e-05,20,cold_start
4t3yeXmkrMaJruCWA0H8DA,1.7773715214300223e-05,20,cold_start
4t8ClQEmeDyyEfx-KupDwQ,4.185252917604978e-05,20,cold_start
4vml641OlDNYtl46Fg8cYw,3.095063111874957e-05,20,cold_start
4w6Z5v0uVt08oSBaA3342A,3.191956693452012e-05,20,cold_start
4y0DlszRtjZHvFSUYOvaxQ,1.0688575224395317e-05,20,cold_start
4yjg0NlNYjTwmrhIb5TqSg,9.553756028903427e-05,20,cold_start
4zyj8kBZoMrwAJ1e68cEMQ,4.005423658668105e-05,20,cold_start
516L9-ZWyqVgzqjP5uW7Jg,1.5851131956585014e-05,20,cold_start
51jium4RFWESPIPeu3fgAA,3.361198498167504e-05,20,cold_start
562EHk55n8A_Uo1katVcpw,3.0340489888478817e-05,20,cold_start
56AIvAU0yxOfVKPGwONjuA,2.8750407508663994e-05,20,cold_start
58OuqehnPxdFq8gWR_hBRw,5.003058651553971e-05,20,cold_start
594Hh8RZg__h6DV83cYMmQ,1.880014059913331e-05,20,cold_start
5GgCRUSQ4_ejE8YpjDYuEQ,1.1792825566313875e-05,20,cold_start
5TZsVq3kBcNB7NVXVjH4kQ,2.863066087876331e-05,20,cold_start
5YBvmgi0kFkyCTXj0AEFdQ,2.8347588026396962e-05,20,cold_start
5YKOs_VGFHgUv7DSMLaQeA,1.0881866457734831e-05,20,cold_start
5eJDmxZ8CJkgm57ioG6BwQ,1.2373437881564434e-05,20,cold_start
5eJcO6AGTntwC-KM3O4usA,1.8254713683174734e-05,20,cold_start
5r0Ikncb46GC3iK1lru1Hw,1.5810172005653003e-05,20,cold_start
5tSloJbLGvllqnn9neahLw,3.551823922703941e-05,20,cold_start
5wE4m3XzAAd1gDI6g7AuQA,1.8582037453392275e-05,20,cold_start
5wnGMB8tXhNvGcbhPJeeVw,2.0376150231596375e-05,20,cold_start
5y4o3Tx2eQhXsnUpgYFolQ,4.833270031897203e-05,20,cold_start
64jKdxGGwfHx4rutBBKWBQ,1.990719287688014e-05,20,cold_start
66Eb7k-oL3m3GGhyQRuFTQ,2.0659500839769993e-05,20,cold_start
68KD674p59qJj4DX6NuTzQ,2.761883668762182e-05,20,cold_start
694YRbhnl7NShhEt8OmiSg,1.4120331834884637e-05,20,cold_start
6B9wFMzNngXqa1ZZO2JWGg,1.0881866457734831e-05,20,cold_start
6FNfW_9YaP5Fm7tE1caLyA,2.8095072689423445e-05,20,cold_start
6Fk7Mlgy8msAC0NCgsun_g,3.838593243036301e-05,20,cold_start
6QFirGF9g14gSyfi_rmGOA,6.503518528115358e-05,20,cold_start
6RBrYMiAf8jFJI4fDoQpcw,2.2926345866407126e-05,20,cold_start
6bP0RhASi3WQuObr-FmTFw,5.362535860308992e-05,20,cold_start
6leRV7IyumdJq8KxScBqaQ,2.001134895221476e-05,20,cold_start
6lr3qkrqie9bqxl7DaYvTw,2.703663481874206e-05,20,cold_start
6tgrhfz8XsTH2ItEShoohA,2.2773950739801313e-05,20,cold_start
6yXQIqM6397s8VY0jutUFg,2.8867159655852015e-05,20,cold_start
6ymIJJ780dpKOyPJkhtDsg,1.5157230232148688e-05,20,cold_start
78lXlSJ2Vp3kw0Ds9dZsdw,3.493065639118107e-05,20,cold_start
7BMDF_d7in05n38QT8h2cw,4.5573799334820284e-05,20,cold_start
7Ycg7RgBswvQ8yQqHe7CYQ,5.981770905791994e-05,20,cold_start
7Z2Xr8yowbTILokoXQGU0w,4.0448020044074415e-05,20,cold_start
7_2O7S0_jpKAjQp-iETYXA,3.833027753575111e-05,20,cold_start
7dfl5-n6r_8EJVh811q9hQ,1.6882288334705245e-05,20,cold_start
7lHSyLOLuW0glxvjcvtBJA,2.3435439936512985e-05,20,cold_start
7lOXJ-SS0k8eK2fAgQG91w,2.9659957192027065e-05,20,cold_start
7o-p4IlitJ-SbSCZ84vHqQ,1.5446929958060192e-05,20,cold_start
7rsdqP_j5s-x2OnFv_TrIg,3.930637513913096e-05,20,cold_start
7tIkHJL_c_Yea62w5ZhLdQ,3.753182710782052e-05,20,cold_start
8AdQNUcZdcvxMDsrGQGMAg,2.4693725077492976e-05,20,cold_start
8BVWeJiwsP3TxUBovBF9Sg,2.2443161099292697e-05,20,cold_start
8D-7SxEW-HUOqp-TfM2oLA,5.388450177019798e-05,20,cold_start
8IV78gQwTH-eZgbfFS_plg,3.74870647019726e-06,20,cold_start
8WZh1nEW3BzsqGk_j73TFQ,3.052880213221678e-05,20,cold_start
8XMrbikOColypHMqLsJoxA,1.3247507841299368e-05,20,cold_start
8ZHMr31oBElXmaqSmZJs2Q,2.4512865519267664e-05,20,cold_start
8dZbYgJxNgKd9G3kHWmQ6w,3.6963896455686127e-06,20,cold_start
8jkCh4MKxS126H-ld-AFYw,2.4235879151448273e-05,20,cold_start
8xM8akbQhHDQdJO1sPMB1A,2.037070403609219e-05,20,cold_start
8xV1PeAKQ64uJUTrqqe34g,8.904193841706019e-06,20,cold_start
98JiQQWF-GXM-RcjT0AyNA,1.451033315505003e-05,20,cold_start
9Ekfby4OgzWs96RO8M4tnQ,5.894561096492437e-05,20,cold_start
9FNrCSiR6s5oYNyxGv4DtQ,3.712942150933733e-06,20,cold_start
9MHIC3BTGyE68EHD52XLCw,4.4354591471368224e-05,20,cold_start
9OkoIFBL8K8I7ejvZnrgUg,4.433638706614134e-05,20,cold_start
9P3pSXCxp5CzTq96qhTdGQ,4.9392528972877596e-05,20,cold_start
9SDMmYFtwSeQ7-ynEI2cgw,2.7198854581720892e-05,20,cold_start
9Udgv_7h8oj6NXq5hQeJow,1.8136444096224717e-05,20,cold_start
9ZcxmF09BwB7K2R_I0yU1g,2.2236155955184268e-05,20,cold_start
9dTadxqN5hvIVwnhpxlrDA,2.769352054193047e-05,20,cold_start
9fLkROUd4EcFlbf8NKzxbw,2.3871308673481014e-05,20,cold_start
9iFqDUOMifeoJ2v4z6U_Wg,5.1204064533820677e-05,20,cold_start
9iP-mvRp835QYWu68pTRkg,3.119430408971698e-05,20,cold_start
9mNXWpQJh0ydVgJKRhmwRg,1.9900561609963625e-05,20,cold_start
9nBqiimE6bGE1TSxlnDJ-A,1.5123030972227296e-05,20,cold_start
9nJLpVhr5EGMU9sdwMauUA,2.6713850982757117e-05,20,cold_start
9qFdMKd4LLrLt8AnQq1BnA,2.525561564172034e-05,20,cold_start
9tt8wDtWkXhRd6pYM2iOfA,2.3053692811798854e-05,20,cold_start
9ubQAHmhBHJ9GhDUzhAIjA,5.503333868932118e-05,20,cold_start
9xv_hrKXFRMndvtqSnD2fw,1.2876495552530018e-05,20,cold_start
9yhny3ODCDOAmMrNIOGJtg,3.83761031452324e-05,20,cold_start
A0uUOrjRVEmKmn-jt0KUAA,4.53486474298903e-05,20,cold_start
A1lAqN3SOaBLoo6NqVcy4Q,1.6399463724090865e-05,20,cold_start
A4HxaMk6EZlieG7jr6FB3w,8.22411768891182e-05,20,cold_start
A7Na8qz6895I__Y19CXhMA,3.294452823038196e-05,20,cold_start
A8ZtAwFgsW1MNkWvArF7MQ,1.9447909657490147e-05,20,cold_start
ABp0BSeiYty6EpVW2ScO-w,1.4721955573839295e-05,20,cold_start
AGxZAzfxI-QXPLaHVd9flQ,2.892401416846335e-05,20,cold_start
AI27j5T0Le6Dy_JkaG4HQQ,2.2693120596854488e-05,20,cold_start
ANo9sn6kZM9OUYvDLuugbQ,1.8120245900224613e-05,20,cold_start
ARkakVqPME7CASRwzRlVHQ,2.7356995683372835e-05,20,cold_start
AV9kGDvqvtWQZkOzJvQKIA,3.704026043082812e-05,20,cold_start
AX9ppYZHLiztWo2v4DXO2A,4.9313503371713344e-05,20,cold_start
AZ2Y73dJwn6RK3H1FlO7gg,3.42954099434187e-05,20,cold_start
Adg_va1mRvZZN9_yaLZn6Q,4.539226431365371e-05,20,cold_start
AhcSesT3mjnch_1ftdwiug,2.950698696433005e-05,20,cold_start
AkpQwujeWuPYPULJGUlsdw,3.912328311581859e-05,20,cold_start
AoboRmPP2tFZctiav2VAdQ,4.6512754696212694e-05,20,cold_start
Aswic5AK0L2mYhbuE2hFVQ,7.116574985256845e-05,20,cold_start
AuVDe2eYGHpEmgSMhw0T3Q,6.613081446977528e-05,20,cold_start
AwgJYeQaefEdGI34fJcQ2A,1.9245587979263053e-05,20,cold_start
Az4V0S5GdA0n24l53Rw7Ig,2.1850922048527715e-05,20,cold_start
B-Ycnm-uf2hkweGwHgDCig,7.63639751419988e-06,20,cold_start
B62OWlFCOM_w7CWrk42fsg,3.45943377492236e-05,20,cold_start
BAe6clozuQy2iS44KrIB6A,3.5657202511660416e-05,20,cold_start
BBBT3Mogjo3hPPA0de--Dw,3.219322447606488e-05,20,cold_start
BBVrr3ZqmzfF1eD6hQJSYw,4.354347109961727e-05,20,cold_start
BGLazGm6grYkF_HpodkdDQ,2.4841789473704107e-05,20,cold_start
BO4SGeOWoFhnypKv9xvL6w,2.6131979629131478e-05,20,cold_start
BOeBIWjryCt0EyrlAeqTMA,3.4358031921329697e-06,20,cold_start
BRivzUt6tnI9jpVeG3pJaA,4.6283933287065486e-05,20,cold_start
BZkgqFORyik4XgPpqRtjLw,1.7394693823896018e-05,20,cold_start
Bc_Bw3dLw5S5hXM8UCFoqw,2.158837754116044e-05,20,cold_start
BifjgBfpv7dA3Q0qHBIlBw,2.045238963820413e-05,20,cold_start
BkC1t7uicnafM0fXz-2ZIg,4.3355522919377715e-05,20,cold_start
Bs4VAkR4X1kDaB4Hb7oIKA,1.595954049929482e-05,20,cold_start
BtXwqcJq0xS607Hsq5Wq1A,2.8179229240559006e-05,20,cold_start
Bt_JEHYUBUKkSJVRTHszbQ,1.784686616889481e-05,20,cold_start
BueOza2JDK5jNQRW7hHNxQ,5.701922550293664e-05,20,cold_start
Bye73IBqt2u37RKTgwv8sg,1.4077159426831648e-05,20,cold_start
C0W9r59JJld8ZfJ3hEQQWA,5.6711738544209045e-05,20,cold_start
C3roKH0ekXBz8l0ZoUIvAA,7.727702267087053e-06,20,cold_start
C7tsqS3EHvh8TTbrDHGkYA,8.013090538667813e-05,20,cold_start
C9_UPkwXYx9B3fxNLkCHgA,3.37998419363733e-05,20,cold_start
CCciHhF3WcrkG-P_NpLi_w,1.6576939776532844e-05,20,cold_start
CFuo8OnMNEYfH_C0haT3eA,6.735109407398451e-05,20,cold_start
CKGLRosqPBxH9-V9AfkAhg,5.443619929695694e-05,20,cold_start
CLIsXugvRCV-h_Suc-xN2g,1.6278427556327476e-05,20,cold_start
CLm6JtHXt8ibDkHLnBxggQ,2.9311558548083664e-05,20,cold_start
CV2NybLmtkyegVvoZ-Ncgw,3.6709531871199336e-05,20,cold_start
CbMJxmEsm_NFue6NQ0kNpA,3.9292284695490695e-05,20,cold_start
CbpT0UHGugQdpfK5HUekew,1.4363062728629567e-05,20,cold_start
CrLhHE69dVJfVIuqFs3egA,1.1347637628411337e-05,20,cold_start
CsYpEHP2fvZV2yt49fSgJA,1.4392233673360931e-05,20,cold_start
CuFEwNXR6ALDHfDMu00RrQ,5.628990431833204e-05,20,cold_start
CwQGSvYCgmRRJMA9G28U6g,5.6859333493424905e-05,20,cold_start
D-Up4cSxOOnmzowXfkI4Fw,4.154885102116094e-05,20,cold_start
D1s6HS9bAYRENT9N5QQodw,7.544967985080539e-05,20,cold_start
D9LrenrSj83Bt9QBED7eCQ,3.392110268017309e-05,20,cold_start
DBpOYGNEwA4cC5xhJ6T87g,6.670996517443079e-06,20,cold_start
DJ-tsckw8NLfkT8P9V7q1A,3.3180050717261016e-05,20,cold_start
DPih_TVOcKR-CyA6K13j9w,4.9000409597162635e-06,20,cold_start
DQ40RrKUpAra--v6C0Q_2A,3.683210434603053e-05,20,cold_start
DR7NgnZ21c-gQmVwLaMK0w,3.281720467324057e-05,20,cold_start
DSrVrCa8nK3HPG0Hwa4ntQ,1.932315927601587e-05,20,cold_start
DWeZM01dYX_sMzH1WfCT1g,4.596622160809949e-05,20,cold_start
DZxyXqQSmR59wFOTT7UJBg,3.107372732455103e-05,20,cold_start
DiBddJx63O8y9mICMJx0xg,1.8569633632310342e-05,20,cold_start
DiUth6heibbImpMaOQbc1Q,1.7361771875978585e-05,20,cold_start
Dl87vbrc0W-NKaOKXm2Bgw,1.963551043751381e-05,20,cold_start
Dmlo7-awYcxiG3nJWm2mHg,6.614190489510105e-05,20,cold_start
Ds7-VDtQHwYmrHVXEZGRUA,6.894612552517818e-06,20,cold_start
DsDXhnFF5a848sgwC1_07A,2.2517773442997506e-05,20,cold_start
E2ZxiZfWnI8qFFw78xrR-w,4.5437900404910955e-05,20,cold_start
E9-zXaqJGg97ZqgX_tydTw,2.510818383822287e-05,20,cold_start
EGKqY6jvj-uJczzvPFK24g,3.873693882792504e-05,20,cold_start
EMoU8F2O4hTDNjXk05TWqA,3.629314582909963e-05,20,cold_start
ERHyEolZoa_QDG3L-5quxw,5.5799007875268e-06,20,cold_start
ESXii9Bwivm0HXcAZxlvBA,2.5532273756580754e-05,20,cold_start
EaEWx18JJ6l81U3JvcaoKQ,2.3171760235411152e-05,20,cold_start
Eggbe8TRDB0wPjqymWMk9Q,1.6626861398174998e-05,20,cold_start
Ell4MNXqG3r-hwp2EtNFlw,2.323329068562527e-05,20,cold_start
EplLH353uir93Jo_Py3xww,5.468698175587199e-05,20,cold_start
EwYjw0AD5BrqART5kFr2_w,4.9357775084090194e-05,20,cold_start
EwaakynaS06R64xY8xM57g,6.230075788104247e-05,20,cold_start
EzsIyXUnQeq-JmmXtaYJiw,3.366825721959934e-05,20,cold_start
F-8dIRehX6_bYZ2T2PZEUw,4.2346058231012776e-05,20,cold_start
F0fr6X9CPLarpzO-zJ9aMQ,7.215538077092772e-05,20,cold_start
F7FYN-nZ_Vb4o2oaPJjr-A,4.670972930309004e-05,20,cold_start
F8L-u2wn5zMNVA5NZNL06Q,8.550037931077366e-06,20,cold_start
FEpHL55islEkxBHC5V_YfA,4.516746650697624e-05,20,cold_start
FL58ckZZ-jB5DgJQKpHqcQ,1.5398322210811283e-05,20,cold_start
FLxLJ4DzXRgsQSUpwe5Q1g,2.8960118754720323e-06,20,cold_start
FPbh-t9fTEc5x2SCresK6A,4.358078515200207e-05,20,cold_start
FR8YnUEtePT6D901MXQc_w,1.7020123560839084e-05,20,cold_start
FVcIeaJY8vTnt9AksAVFaw,3.528679487911422e-05,20,cold_start
FWTkrjnoIVJ4UiUWUVDi-Q,1.3068939097447296e-05,20,cold_start
FYs3jIvpxRCeTHMn2nOWDQ,3.167410801319776e-05,20,cold_start
FZ3759DVo6Q2Eg_wOlJ9TA,2.2463319497399608e-05,20,cold_start
FeMWRqfmWvVR1BPqBN3E1w,1.9960798885613585e-05,20,cold_start
FfNqZitGYvBdBNxRfG-ang,1.1304631926592473e-05,20,cold_start
FoIzWtiwffKyfKJHsm7VKQ,3.250394118015307e-05,20,cold_start
Fr7An-N0iyNXOPDaoPEzHw,1.567403997018534e-05,20,cold_start
FtmlfXAZISZYoZOZJ5o-Cg,3.058154615258085e-05,20,cold_start
Fv_snoYk6oI_t_YfLM3MFA,4.7599968953608744e-05,20,cold_start
FyuCXTESXWjQ_H44deA49Q,4.9362586567581805e-05,20,cold_start
GDnr1VJjoKRokpuCMWrtog,6.466163418864636e-05,20,cold_start
GDtcIsIfH9Up8E-Mls5XCQ,9.475777650397898e-06,20,cold_start
GGW9w93__Y1wFkjMJA3Ygg,4.750767060404828e-05,20,cold_start
GKrxrkKqpMmmY7P2AdoY4A,2.8155116141533447e-05,20,cold_start
GQXeK-CdSb9D4QOfS9tYQg,4.4692187718419834e-05,20,cold_start
GRduI6GKz6dzk9n6JRpmOw,3.636556941755897e-05,20,cold_start
GUa00RPM2d-H45KBhj_t_Q,1.7312060273669048e-05,20,cold_start
GZDUQ9P8oNRa8E3hJWXgmw,1.2854520709191567e-05,20,cold_start
GabL6KPmrPirzYWiQ9LtBg,4.047024062248341e-05,20,cold_start
Gib553AC85MoMzQSusnc6w,2.604827942757549e-05,20,cold_start
Gk6EoDA3Bd9LDnYhJe1WKw,3.0831954963582024e-05,20,cold_start
GlrpA_iR78s7vAP1j4CI3Q,4.4869718804481465e-05,20,cold_start
GpYDs9W3cM5D1mjNx6pxug,2.793012390818606e-05,20,cold_start
GvRA736fSqNZPe_OJRCt-w,2.003813866082011e-05,20,cold_start
GvlQw5zpaCLBY0pW4pm4_A,3.2019067668062186e-05,20,cold_start
H8-Gl63zF-zDzqLj2G29Iw,2.5611769469668215e-05,20,cold_start
HIMC5c38SCBvY_5kX_JVVg,5.1590375730567237e-05,20,cold_start
HPV9-9iNLuVhUrQKXXvf5A,1.3226333621393146e-05,20,cold_start
HSb0mHv23zY42j2vcPtSyA,1.7696558010984653e-05,20,cold_start
HguxlcVKp23-NdBGstw9Hw,5.1368216551579606e-05,20,cold_start
HgvOxHGHnEway0hEn4jjtw,3.986676777256975e-05,20,cold_start
Hj68GMB1E31JRtm5DbQcPA,5.0355787815921326e-05,20,cold_start
HkhqlX-GOrm96yvG3wHZqw,8.880457738225053e-06,20,cold_start
HsNnBPABPaSvWqglZEqAuw,6.04076757709399e-05,20,cold_start
HurIULSux5zziHRXwgS-Uw,1.8387076129032764e-05,20,cold_start
I2Ipf82-rbAwh0I-X9T0gg,3.1514690019661774e-05,20,cold_start
I4cEvMuHycbWp34Ayh57DQ,3.9247652191368476e-05,20,cold_start
I6UsZWQFcQmDErlj9ym7Iw,3.356383243446272e-05,20,cold_start
IC4_eqxeqLqN0P_6Zqa6rA,9.492129798132774e-06,20,cold_start
IEyDu4UsvIs7ZknW8i4e4Q,1.8031518565843495e-05,20,cold_start
IHhg7wim1CZE7dTGCZ-lag,6.194726653373483e-05,20,cold_start
II1ZGMmA0BLGV-EmhPkrEA,1.3419122851144064e-05,20,cold_start
ISFFAMis6f9ozFO2MHnuDQ,4.943546914291227e-05,20,cold_start
ITmpZnJ6ltL-5iaRRSYaqw,1.8244068414209543e-05,20,cold_start
IXyGZtmODsQZ2qfVzsd_eA,2.1421961270810015e-05,20,cold_start
IbiG8dVoWZhMBRYVgCCDdQ,4.3129765651404656e-05,20,cold_start
IdCg29WyDhqMxwsthwknxA,2.654123678388287e-05,20,cold_start
IefEo5kZdwR647j8WBUozg,1.2080388658887876e-05,20,cold_start
IgClD3lC-gRhrUlKaUtH1w,7.430686090391123e-05,20,cold_start
IjZjDGRVXFbT22Om7zJlwg,2.327853796605695e-05,20,cold_start
IjulL_5PvUyJJyIHNQtu-w,3.7001645097636923e-05,20,cold_start
IlxIkuFaAE6NMovlPZgr8A,2.1630029532206844e-05,20,cold_start
IpCgkwUJ0UizDzvVCdnHow,5.676125084125944e-05,20,cold_start
Itg5hXat9PkPVX4cITJBSQ,6.564438350632957e-05,20,cold_start
IuJgOIBjBBVqG6lExeq3jw,1.2625755313141054e-05,20,cold_start
Iy5NjdEmvreKhE43k5nV1g,4.3198629923300034e-05,20,cold_start
IzKWd5VmKcwlxK9GWBuohA,2.8292852790110555e-05,20,cold_start
J1gnPAaw-LoW6khm6P9UOg,5.741244716135594e-05,20,cold_start
J5CxTCM9nL_s-qYByTiNgw,1.9382903199135357e-05,20,cold_start
J7TZeIXaJFgrSIZzAjQMsw,2.4834532865071227e-05,20,cold_start
J8on84cuYSeLXYuzgc9xJA,5.495302177652301e-06,20,cold_start
JAMmjTFdUGBpV24K1riSjQ,3.6606503180758746e-05,20,cold_start
JD4yd4N8HCDziaJKJXk2yA,2.17042949903996e-05,20,cold_start
JE4gQjflWbg9eg3CSZvAVg,5.487418694932047e-05,20,cold_start
JU6I33iIJw1UsYWXlaGLWA,3.987968192499061e-05,20,cold_start
JXF6HNeYFduO6QzsjjkKCw,9.742803748346543e-05,20,cold_start
JYlNxP4j7LX59o9gNaKnKg,2.9189497194218496e-05,20,cold_start
Jb4Pu-lUWeO6dYLiiJ3cmA,3.017165333533482e-05,20,cold_start
JfXYFsOEElqn5ukwDBml6Q,4.018060942844914e-05,20,cold_start
JgvV_xEGu32N1qWe0bEGow,2.9509811088711594e-05,20,cold_start
JjR-spxq6lVpIXHPrFKy7g,4.46707857793656e-05,20,cold_start
Jkg5qYBqIbZdkMMK62Ix3A,5.8382576575489885e-05,20,cold_start
Jr5hwzjNwr-VD9pVWOFa7w,1.3241509414739967e-05,20,cold_start
JwBTq6IOFH97b9Hr6RT7pw,3.580597040562138e-05,20,cold_start
JyyfpkiQXTWOIhd7YCqjUg,9.287830807913927e-05,20,cold_start
K8Sk2IzQilL1_UwlP5OFnw,1.0363682340699838e-05,20,cold_start
KIjJP6D4u3aqRvb7e5w5nQ,3.412397532663296e-05,20,cold_start
KM9IUOILUKPQ6-g0oCxZ6A,5.292679862283997e-05,20,cold_start
KMBkUpq_7uGF20EmXQS1bQ,1.4199280620247548e-05,20,cold_start
KMfIryKytcLLRKZjW-bWZw,8.173295804596389e-05,20,cold_start
KPofPh5SmzKumg-PpbAEYw,1.0881866457734831e-06,20,cold_start
KSEBjuFKPnbeQ6TAgJL7sQ,1.1806072925794503e-05,20,cold_start
KWKtIQ2-JvyVwYCc-PFHDA,8.06629832189331e-06,20,cold_start
KXVn1sHOBrLvARWYUhI-lg,2.522210691246809e-05,20,cold_start
KXY-Ff8ji6FmVMEDw5Xc7Q,2.901062107882436e-05,20,cold_start
KhPuIle_oLlKhz5pRaUA0w,3.6172127860507045e-05,20,cold_start
KiNB06Y8hcrIkTbF3XEexw,1.361931291100956e-05,20,cold_start
KkhEGIVQAsfg-LCEjf4oqQ,4.3527465830939325e-06,20,cold_start
KrJcaM7Fh-NClOIXfB-s4g,1.3156924604101894e-05,20,cold_start
Kta3IXWH8TjCBR-0mE5vgg,2.4874163444110205e-05,20,cold_start
KuKZc8RDUJdNCbYRQjkFEg,9.439775433397476e-06,20,cold_start
KwilllahEB9FznFr0utYvg,6.295601053848206e-05,20,cold_start
Kyzpu6B2laW6MYJFhRoPOQ,6.484141299121406e-06,20,cold_start
L0A7KsCubmUscVet0pv8sg,2.3545093219439657e-05,20,cold_start
L1DN799Mg7DS3XfsI3FHKQ,4.3527465830939325e-06,20,cold_start
L24ouhO2blekpFZZXIgR9w,8.336584171221908e-06,20,cold_start
L8_JnkQUdlUEc3QPs7H98g,5.7303092439240754e-05,20,cold_start
LDRCTgT9TR_71SWkSgEhGw,3.464651799480715e-05,20,cold_start
LDlpHfx0qjIkoC6Hk9UU0Q,1.0045216491039594e-05,20,cold_start
LPdiS6YE0AvFJ05O9TxtMw,8.724051596857822e-05,20,cold_start
LTEpFgVru40dLvg1dsaD8g,1.4479652939594871e-05,20,cold_start
LVAn0nRWGFaitwtRh1Q3oQ,2.2208340011239532e-05,20,cold_start
LX0J0POj4Ul2n474A-JbjQ,3.554664911814227e-05,20,cold_start
LZHiuorqSMLdTJoGCV-UIw,2.449056786513138e-05,20,cold_start
LjmiLfuPMByqXVkjSeZoQA,3.805894372357647e-05,20,cold_start
LmGvuqllvutbtbkjgPOoJg,4.61606671794521e-05,20,cold_start
Lvxzjhsupfp4rd2oZbkh4g,9.167947521133953e-05,20,cold_start
LzgxfMu24HbJbUi1cCk70Q,2.9190178538447803e-05,20,cold_start
M1t2pqGZmSIygY4880a_lQ,1.59810280419426e-05,20,cold_start
M3LZKA-tVFRJyPeKA3_2OA,2.570097235225064e-05,20,cold_start
M5cSoV0agFcGTmm9EsUu6A,5.525581375161513e-05,20,cold_start
M86tXb_fj7jQEciKEE3cbg,1.469236193462386e-05,20,cold_start
MKnde7vpyigJIn76p-85cw,1.897343899606636e-05,20,cold_start
MNTak2VqYlxifS1i7FjHcQ,2.293003029977081e-05,20,cold_start
MPTi75aYZzjuKXB8e9jvBQ,9.886952953027646e-06,20,cold_start
MWrSqr3VmBcSKT4Uhk695g,8.451904573328956e-05,20,cold_start
MeyzmeHKDsy7dEh2GdddOA,1.0935919649845198e-05,20,cold_start
MnCs5pIA0BF3FN7T6wTNyg,2.4227633425387432e-05,20,cold_start
MqBtykhqU_4GgqgNjz079A,3.630044056476403e-05,20,cold_start
MrMMI9ZFYQy6r_g6TC4UrQ,3.486084312459016e-05,20,cold_start
MrTwkXSBjYSsX8U8OgnWhw,1.8010482241673974e-05,20,cold_start
MruqWDUrgigjONJHOoE7eg,4.1545179505742555e-05,20,cold_start
N3_LDzsfR0Xai9CCI3pUsA,7.77151096642281e-05,20,cold_start
N6tFfU1jGAy4AqO3FD174w,1.7514381951896145e-05,20,cold_start
NIlAb8xuqKyvvqV9mwK6Hg,2.8667872964272824e-05,20,cold_start
NK9Lcz3LWLBGf42LH38qwQ,1.5924066101165993e-05,20,cold_start
NNi37vwG9SFX_Wn4oEJ1xA,7.734426071409567e-05,20,cold_start
NQn2fIomrrMXXUxZXH99YA,5.7857329077467416e-05,20,cold_start
NZAvylBiyMPsZfT0r-fD7w,2.3342443557575073e-05,20,cold_start
Nej7tlfGF6WHblVTApFsQg,5.891881871165777e-05,20,cold_start
NlU_lOXB20c5dSC1QV4U4A,1.449789513369905e-05,20,cold_start
NnA2n0gbI0YBFKZR53Ad7g,2.2396602727294656e-05,20,cold_start
NpWGrKnmm44CzpZ1Wi1bLQ,2.667807913892941e-05,20,cold_start
NwXPU4XBNFCpltHf6TlkHA,4.680540566140745e-05,20,cold_start
O1Q_VOE-Tl2TJhM_Mi_eMA,1.2737519813338166e-05,20,cold_start
O3UQ628x3iSKR33cM3cEtw,8.71080528714803e-05,20,cold_start
OAT5j2W8F5ypj0eDGH22Xg,1.8130895880801558e-05,20,cold_start
OCuodVY_jdUINB8KADuJqg,4.8749113994765976e-05,20,cold_start
ODHL8UzpkNvbYMrA_amt2w,4.648435447411803e-05,20,cold_start
OLrLFtCoacBjTjFGG65ckw,1.6928994629912243e-05,20,cold_start
OQIVpOcueFErJiauCi-KQQ,1.607601899516958e-05,20,cold_start
OVmUVXuW7JS_NelnCxHw_Q,3.1424103264897206e-05,20,cold_start
OZEo4EnJ2KDR0Tj0YnH2Zw,1.4276657143592262e-05,20,cold_start
OepegcksAfr6LDOlRTg1Wg,2.8772900922768006e-05,20,cold_start
Oh7d7ExBxbIP33KkH6QG6g,9.605388368580527e-06,20,cold_start
Ov8-eg1-2S9a1PpuYRVLTQ,2.7267537856131623e-05,20,cold_start
Ox6MY2s1Nur-yDCVpKcmDQ,4.820836179768696e-05,20,cold_start
OyiXfvA4VY6zpK3itsAmjA,7.513100844198623e-05,20,cold_start
P0ldsyfDWNcWnGSq8w2jFQ,2.6497121603061934e-05,20,cold_start
P45CIS48xeQjXwWkjoVoGg,1.720928543322538e-05,20,cold_start
P530pEUtDTWljOAoSyaaMw,7.41544928265195e-05,20,cold_start
P5VhiFjSfJLoZoxef9x4IA,1.9037546723668275e-05,20,cold_start
PCLfNb3s9xVlUkslcwXZuw,5.954967754375524e-05,20,cold_start
PDdUfkGAsNLUkgHaJg3tVw,3.494426389908096e-05,20,cold_start
PIedZfXVCr820lB1bTHlMw,4.47771782854323e-05,20,cold_start
PNPREi-W9kVr37KWqD11rg,5.4442213605073874e-05,20,cold_start
PPjb-hFfmyE9uVj-zm5L8w,2.3412486155097182e-05,20,cold_start
PYtMqV_xv_EAhDbnfREf7Q,2.0374538369813037e-05,20,cold_start
PZpp1Z3V8HLK9d4-qLMUgg,2.3329746507859617e-05,20,cold_start
P_5OkU8s4hknUSesl6kWhw,7.971082116582487e-06,20,cold_start
PcHhD-Xbs_nZ9TRrHzSTMQ,3.1443355937341264e-05,20,cold_start
PdhnUOxRZmU2iasubZO5JQ,2.060058197716369e-05,20,cold_start
PjimxYZDCn6xYbcgCK9PqQ,1.7517854077514158e-05,20,cold_start
PrsGeNU4XGdl2BEKTiQrQg,9.622713167816148e-05,20,cold_start
Px-U9DtzGY3sU6YvAt428Q,1.8353015360936033e-05,20,cold_start
PybkLq1widON8UAl__tPvQ,4.298797837670411e-05,20,cold_start
Q-Hj1zFu1k958BcwEmfVlA,3.244092260007841e-05,20,cold_start
Q3DRmIEABlhYRUK8udvAbQ,2.233325303643499e-05,20,cold_start
Q3ZVqlnrW0OQsakX-yLwvQ,4.4329594554288535e-05,20,cold_start
Q9T9PKQZSs571tS0lQLoIg,6.167129307825878e-05,20,cold_start
QCKYU9YTxa0cLXXedYuxGA,2.9518876645119087e-05,20,cold_start
QQpwk-wegXd3v_fYopmlXg,1.606166791566713e-05,20,cold_start
QS-MuBTaT5ufY22UGelWtw,4.0090649208864684e-05,20,cold_start
QdDUxADl5p_nILwgRywqoA,4.629844321051769e-05,20,cold_start
QevbkuS9DhSXLM94bxudNQ,0.00010316666182351539,20,cold_start
QfzhKUUUEOvHK7OuHJ5Cqg,1.8076735779962373e-05,20,cold_start
Qusula0NuWTgrEOWowlBvQ,2.7247754962115527e-05,20,cold_start
QwwljXNHdWjb6UkIFJZTlg,2.1038275151620673e-05,20,cold_start
QyEMjcD8NrWm-tFAUXprhw,2.4654379642657265e-05,20,cold_start
R-qbcd-Q8fkY5mrR6b6ivQ,6.375528947720526e-05,20,cold_start
R13Oidfd96gQqayPMA96VQ,3.20638702593371e-05,20,cold_start
R5ycR4CZc1mNdxDtY2PYAw,3.484788187060321e-05,20,cold_start
R6UjOdQ7sFqmlPiXcL1Hzw,1.8579755140917085e-05,20,cold_start
R84qWSVghknKWKXPbKwYLA,1.888374813871582e-05,20,cold_start
R8XNdKSd9078txLtRAhvUw,4.5061169648707836e-05,20,cold_start
R9qdziBWlg89-wHm47SMWg,5.822753104577409e-06,20,cold_start
RA90yF4DWcRIcDj8S5qkZg,2.6062554462752105e-05,20,cold_start
RDbNHzbnZ-gRcB-jkG62Yw,1.2102656118370455e-05,20,cold_start
RXh8dnA0yZzGmRNrxgDgmg,0.00010755340234969557,20,cold_start
RYbqjtb0P6fNQh-Txs4LBA,1.363115172905049e-05,20,cold_start
RfiyYH8ZEpHflMI9ZMJNGw,1.988774014951945e-05,20,cold_start
RgVcY0hWnkZkP76cqb5ZhQ,2.0152410184074287e-05,20,cold_start
RluKriAcsLRb8WyJs_uubw,2.25235440432168e-05,20,cold_start
Rvgiu99ueTM0i_a7TbsB1Q,2.8086759272376175e-05,20,cold_start
S2qHo7frBbF7dWwmvxGZTg,1.7799101506843685e-05,20,cold_start
S5VH9dR3nCgNO5C0M_HttA,5.6150290238441034e-06,20,cold_start
S7sKdwrSSzwnJqGY4hPkcA,2.105601154419369e-05,20,cold_start
SAfcQECTvbjL_go6qn7gHQ,4.495953927773382e-05,20,cold_start
SBs30RyeoiEU2LjeiH1YFQ,4.163538879895693e-05,20,cold_start
SHlngye8ADgmOcU-oXjXaQ,5.103220131903232e-06,20,cold_start
SJ3JA9EwBmQeQJXxC8T0vw,3.776070993546693e-05,20,cold_start
SKHxYjxnganAHf5l_yB6Yg,3.0051489930951763e-05,20,cold_start
SL1CvdV8mqc8xqTJAR4kNw,3.81093013688581e-05,20,cold_start
SSp4GBRnvdnuLRCIH4v_mQ,1.3286470633360643e-05,20,cold_start
SY8-rMi4JMPEQJ0Wzqd-5w,5.795591403325602e-05,20,cold_start
SZnKIC9zVn_DJH6eC4ROIw,1.790980271909088e-05,20,cold_start
SbMcDs06t7IPgXALJ2aNZg,1.5387720940495945e-05,20,cold_start
Sckvwz-t7-oMXh_JNzxg_Q,6.063535548243255e-05,20,cold_start
SyELo2Uet1VWOpXuE6tPpg,1.8271325215042777e-05,20,cold_start
T3FF-JsbLeBIZJS0RcZdqw,3.229554090637457e-05,20,cold_start
T8I4aeFWzcha5Y5C57WsdA,1.5200318388369655e-05,20,cold_start
TAjUu0R-Owhu0cFZ4R_I7Q,3.465572192720273e-05,20,cold_start
TDJosP6sAx1-ONY28Z7-Fw,1.8707891135895858e-05,20,cold_start
TDWeczZPdLs5xhTmuh3vHg,2.1191736698774068e-05,20,cold_start
TIQz_P42B1BtCJyg2YUhLw,4.235417164736753e-05,20,cold_start
TKRB31Z2z-GfpfYB2vaRjw,4.858076617416269e-05,20,cold_start
TOGQERO4hdon5DoVXHooEw,2.6717485118826568e-05,20,cold_start
TQGnMEbtvn4B3K6ZQIN9cg,4.22447219785575e-05,20,cold_start
TYSI8iapliyWOAmNi2RJzg,2.1367560456698453e-05,20,cold_start
TZiFEVqaVckIANgI6Wx3zw,3.2456407461822125e-05,20,cold_start
TejtemosB9xICAU-s-auQQ,1.8589650594606533e-05,20,cold_start
TfP0dN1L88RcWyQzp2O7Eg,2.9641908961519726e-05,20,cold_start
ThzzKyJvXDKmrFvc7SBOoA,3.7695957082097232e-06,20,cold_start
Tl60fwcMb0lzJb5-a7yguw,5.0758853811941576e-05,20,cold_start
ToW6MFXu2C6N04FualtFxQ,3.122458890153191e-05,20,cold_start
Tq1qcFHbURcncnR03YiUPQ,2.7997998661700102e-05,20,cold_start
Trag_neVzNhujsh-hdfg4g,8.397240050413201e-06,20,cold_start
Ts8RgdXdACrYBUR8md99-w,4.539503916071673e-05,20,cold_start
TsPJqE3QcQ8TESztAYw0iw,1.095779206990301e-05,20,cold_start
TvnqERlxc8lFnpERkP8JCg,5.4099159467515275e-05,20,cold_start
U0sokqPeNaDJzbhLZnDPzw,3.8839152018580496e-05,20,cold_start
U4A8ZcnjeO2k4J9LsLS2zQ,2.1763732915469663e-05,20,cold_start
U4hibwdvk2pACJeo6FaoIA,3.099662171305146e-05,20,cold_start
UDfOkkn-MX6v8R3CX0T4lQ,1.441847305649865e-05,20,cold_start
UFgozownU_uvsG_iOZls6g,3.9784827891848464e-05,20,cold_start
UGADjVkBITKPU7I6sMO1oQ,6.092086123354407e-05,20,cold_start
UHeQx4RkuKqjn4HRHhFjJg,4.11278214759938e-06,20,cold_start
UM17blpuw4l9_K93KZyR4w,2.203349515310579e-05,20,cold_start
UMEnB4wdUFlBPiAj3iEJnQ,5.575814347685479e-06,20,cold_start
UXiqbA_hU-NUd8k7OeWEFA,3.5652849421328383e-05,20,cold_start
UoNpmrih4LnzGTZCqltIDQ,4.971230754181852e-05,20,cold_start
Up2hJViJJf61k9V3jFbvzg,2.6502302423168422e-05,20,cold_start
Uq1o6DXKALmjdElXp4mEtQ,6.375747715037881e-05,20,cold_start
UsfWvnkNmhpD4ntbyIURow,4.8882699874024976e-05,20,cold_start
UtQ3M7hlmJrZU-WRuIxfzQ,2.6743558462109966e-05,20,cold_start
V1pEXtJgaczutwK7YLzrHA,4.4487103747742666e-05,20,cold_start
V4sRdCecoNS4Uw5LARxVUw,7.35115452388946e-06,20,cold_start
V5Kaq2WsdsCKJ2JNoWgwxQ,1.1611167555790797e-05,20,cold_start
V8XvmeJxK8fMjNFsv3VUjg,2.6385346585881562e-05,20,cold_start
VF_OIm5uG54cCQ3uzzSc5A,1.6459236008319766e-05,20,cold_start
VM2Pt-FCmKGkds7TB4lKRA,2.652942810857569e-05,20,cold_start
VPs2Xxv8ue8NKfV-gDNebg,2.2893642475286635e-05,20,cold_start
VhrLzGdITj0UTAu8YjkAKg,2.0573019302490193e-05,20,cold_start
ViABP9dkPTBdd4FS6uhi2Q,3.073101266574879e-05,20,cold_start
Visax-kBz0AY_34PkuvXSQ,2.668033993819333e-05,20,cold_start
VpqcLFGASg6mB1PK5KqcpQ,2.2913065178407897e-05,20,cold_start
VsNS62YHca28ljYbVXp1lQ,6.976482531639692e-05,20,cold_start
VvoRA1KLjWs7pUq_mXvHpw,2.190079203000699e-05,20,cold_start
Vvq9QucD0IokLBlkbttd3Q,1.4641721400990622e-05,20,cold_start
VymPe2QIxLcb3KO0xqRd8A,4.628383940278926e-05,20,cold_start
VzKca5jeWbfDeqzZZRElzQ,1.6514832624091684e-05,20,cold_start
W2gSKulDUBGTfcSDk8kNvg,1.9406031312324055e-05,20,cold_start
W3XUQEn7v84t_6uz829ATw,3.3078576341769764e-05,20,cold_start
W3oTrqqIEvE5LOgnFPZVrQ,2.211061589123125e-05,20,cold_start
W5yNQMGeEFiWehSE1EvxQw,2.2010253492033697e-05,20,cold_start
WJhr0iwDJ-JWpP-BNuUN2g,5.237430617739371e-05,20,cold_start
WKGW6s10eL_xL-xaB2c_og,4.058629040053609e-05,20,cold_start
WKQnbFHNaENHMHDVhFMk-A,2.2121061873238955e-05,20,cold_start
WLvBB90skD_i757VJHI_WQ,8.536579375961073e-05,20,cold_start
WQu3uaCOoBsJFCrv-RvBNg,7.527204970592244e-06,20,cold_start
WUQYNCFuNMkybusRz2RYfw,1.819758971338947e-05,20,cold_start
WWUEE5l_tfYkVZtLAascoA,4.764089387869319e-05,20,cold_start
WYPTqTbf7MHfxuHlIyZCkw,6.197868359946727e-05,20,cold_start
W_UOjay9T7Lj2chxT-Jb-A,2.9866427493132065e-05,20,cold_start
WjzWl2kUn1eWuLj4OZH47w,3.8941357572820574e-05,20,cold_start
WlsLzk-IIwcotjrh4fDo5w,4.012579738689263e-05,20,cold_start
WoI4kF2nFFu2Nl8mhFQOcQ,4.3104730792523216e-05,20,cold_start
Wpw-cUHTjQ65LV6e4bME5g,2.0129197549702315e-05,20,cold_start
Wryh0Nc-YrLxdntgA0x2Wg,5.369202290827759e-05,20,cold_start
WwPPNhUpIsPhLumwravwKw,3.532215399778377e-05,20,cold_start
WyV5R02-feXJUTIs53Cm-Q,9.980126773427877e-06,20,cold_start
X0SlpSPlckmY2ymbOzdtsg,1.9608316861187542e-05,20,cold_start
X3Aqv8WpZEaaGAc2kRqw8g,7.509808969700545e-06,20,cold_start
X6nMcdEJxt4RISek-DvdKg,1.89735107468197e-05,20,cold_start
X7dhiI3ReIhhF2uJTK0dsw,1.3686312228173223e-05,20,cold_start
XF1P01OV8o_tB52oo36_ZA,6.857106868671783e-05,20,cold_start
XG5-bigWGG_IFgbCvVs7xw,2.4574159338413888e-05,20,cold_start
XTJ03MbVT8FrleMzHeqtEw,4.505767878482406e-05,20,cold_start
XZtRYRXMkaR_Ra15ECrS1w,3.1135977531887514e-05,20,cold_start
X_T1gP8z1f_sGNX7qV0PJw,2.7197458511377528e-05,20,cold_start
Xa-YvpwIQ871AXJPDH_rKw,3.344088729614055e-06,20,cold_start
XaBOwJFCe1odBPYdIwCsPg,3.431704932512146e-05,20,cold_start
XauY4RGt_kGgu5otwYZf0Q,5.1250531968705406e-05,20,cold_start
XbFRkhVgX3jggGxfAaZyuA,1.1462539165591954e-05,20,cold_start
Xeqb2RxA3ApFCThIYOstQA,6.121829257270911e-05,20,cold_start
XffCKjkB1qaTU1MNbwJwGg,2.2765842119177603e-05,20,cold_start
XfvJ2iEq0XmciWIJvelZZA,6.173957947321862e-05,20,cold_start
XggfVUV71SMMUhCoIEKhrw,2.6771348639001253e-05,20,cold_start
XjaYTbAMsIOkofZJ4QSuJA,2.2062131643784035e-05,20,cold_start
Xu2wzTGixa_zSjYQO-GPoQ,1.43592266919148e-05,20,cold_start
Xu4-OKcr18K-z2PQ_sMgJg,1.3374127656917182e-05,20,cold_start
Y0pnoywoHENMzj5n6j4vxg,2.7939063029813537e-05,20,cold_start
Y7CyVy4yXkpYUfQyKu9ZYw,9.06822204811236e-07,20,cold_start
Y8IzgicQSkxNsewSzR7NLg,8.954329812874939e-06,20,cold_start
Y8NRpWISLGHN4LsqCOkZDQ,6.411489055493476e-05,20,cold_start
YAmFD_UJbQz5kUc6dXU7MA,8.2454467793568e-06,20,cold_start
YCrlaAAwOadwtd9W0cH6zg,3.4280172300451695e-05,20,cold_start
YFIk4noVT4mrdF2fiEr85w,7.545507241421222e-06,20,cold_start
YKabQr2Ik2mDtBVvKC5ohA,2.423480080658299e-05,20,cold_start
YMdXDiRiNoKEAFen3XUWFw,2.5867623964723732e-05,20,cold_start
YNFkP6HqZxwbv-2YMPyZtQ,2.509035893187117e-05,20,cold_start
YP6IjFUxh9_VcFUWq5ru-g,1.3796306962481465e-05,20,cold_start
YP8qxvmUKHdgZiJN0oCKLw,5.706054850467036e-06,20,cold_start
YoxeI8Bnz6Fwg7glgRCDdg,1.3272563937205474e-05,20,cold_start
YpwiShaS6y8KUOJ6Cm4Vsg,8.406552700176742e-05,20,cold_start
YqGx9kaJRqEeTUs-EcKc2g,4.967099169235803e-05,20,cold_start
Yuwn7udUEvLiOsTpJHQkQA,4.184641014033377e-05,20,cold_start
YvaeYCBYVTJ1wmFP2VioyQ,4.0663212263297454e-05,20,cold_start
YygPa1o7gZKkv-6VYDh_3w,4.846660898357808e-05,20,cold_start
Z0H_XDlMEfLSXrvOm9YFmQ,3.364544764187437e-05,20,cold_start
Z6QKpencBJcmjJ19ZIYMcg,1.8426466872529426e-05,20,cold_start
ZDinrfm2fP1WIy6IqUFyCw,2.5284544134590122e-05,20,cold_start
ZFcE6HItnUzgGPM0Uxm-DQ,3.457191944583894e-05,20,cold_start
ZFhNIqxf4CEImg_EvF2anA,1.0139494984159582e-05,20,cold_start
ZQXiT4vn7eg6Sf1Cosh5AQ,3.809047870425552e-05,20,cold_start
ZSO7isM9z-BkHP0kyE7Tzg,2.1846103632842393e-05,20,cold_start
ZWKEe2A92sJctVihjBotaA,4.1774553179618686e-05,20,cold_start
ZYJzr1diF0uwD4Wp7qkKxQ,2.6696097144633175e-05,20,cold_start
ZarMOp7jgZlR02J119n_Ag,3.272280729541494e-05,20,cold_start
ZbGExfbZTb3IYZ2PxyFrMg,1.0769640394080304e-05,20,cold_start
ZhcVjB2jA5nhzpTKjuR5cA,3.456791348962352e-05,20,cold_start
Zj191m1XJiv7u_7jQZlBeg,3.3132492049115266e-05,20,cold_start
Zn-Fm1X8nwjrDtaWV3bQXQ,1.403705102584505e-05,20,cold_start
Zxt3eTFe6M0AJ7ZYEbcwJQ,6.58957468829498e-06,20,cold_start
_1aCRm_YRJ1x9RagRHltLg,1.374776519206135e-05,20,cold_start
_7TAm2XyzahdDRDDE-Xb8A,1.5348248556525706e-05,20,cold_start
_BCDwsB-WFrFTzbOjbtavg,1.5695492090803413e-05,20,cold_start
_DGULHeb-Pk40QAywiG62w,1.149689321290808e-05,20,cold_start
_Fet9vBMM9Y8VBhUX0IYYQ,4.2611388834216414e-05,20,cold_start
_GWzZ0WCT_ngRXOJiwLj7g,2.901004601866339e-05,20,cold_start
_OmjicQbWgNNKJUTYMixjg,1.5641288252035164e-05,20,cold_start
_birKQtizyWql9P14Vw8aA,2.0061727963593163e-05,20,cold_start
_btEd4zwjdy80WQTOPm6Hg,4.206843418654445e-05,20,cold_start
_g76dgDk1E9tC5TXZAF5gg,2.4399396509440212e-05,20,cold_start
_qY6dVBchZloskbrvvxeDg,3.0960133198961865e-05,20,cold_start
_qidWi35H30-Rjn74a6ORw,8.848167213471414e-06,20,cold_start
_uEGd2Rx8SzViS9MuHNU0A,2.6872132086381986e-05,20,cold_start
_x_4r6wNkvWjxjeUQ0jRKw,3.337105713705348e-05,20,cold_start
_y1R6TNotvVid2VzvIXHiQ,1.24405133151935e-05,20,cold_start
_zDW4XPZ9w0Yvg6cbSeffQ,6.323156258024012e-05,20,cold_start
aFWCSA7GGlpoqOkuxGfB4A,3.249943700191422e-05,20,cold_start
aHn7NOKQi3XL9_AghoBP1g,6.0985220465049665e-05,20,cold_start
aP7i24EyIaVMmMWEvPs-nw,3.130172388463803e-05,20,cold_start
ai3DEXs_ziB1AOHVUKGtiA,1.5618299160018107e-05,20,cold_start
aiTr5RX3RkAwQeCswBaL5g,1.3413835342158752e-05,20,cold_start
b-lV7adri9ESsDIAGcP0Dg,7.053051644346479e-05,20,cold_start
b01W9cJtcB0dtXqnNtsstA,2.4761460678962763e-05,20,cold_start
bAyG_TXi3CNYDt_FoaetoA,1.6018231004191268e-05,20,cold_start
bDgmtVzsDOE0hhX0q8YAKQ,2.1024028249925386e-05,20,cold_start
bLNSAljXE00oAcfGYJA-FA,2.582658144092088e-05,20,cold_start
bMiFUN-qiZm6ZRBxTuJ2AQ,2.3945393156604212e-05,20,cold_start
bWFZ_VkmkY2oA4NlWXPVBg,4.272178888005411e-05,20,cold_start
b_NJFKY3vWv4VC8fPSGO1g,3.738755584602804e-05,20,cold_start
bhAalBOH552_mOPNxESNQQ,3.224455555492732e-05,20,cold_start
brlew1UwRlO6Qj9QlQ-WWQ,2.6872867980199792e-05,20,cold_start
bvXbo6lPfiOxRSrz6WhnLw,5.1658011393735055e-05,20,cold_start
bw47OCNHoqDMHGEgs5AqQA,5.0298690309641946e-05,20,cold_start
byPSaXuK8HwXsFqvt7MHAQ,7.183895588061651e-06,20,cold_start
c3j1irGxpIJ-8RmMBnyXxg,2.2683615306467317e-05,20,cold_start
cAXgBoj8mkcHEEg_FtmI4A,3.323218450088638e-05,20,cold_start
cBZJKUdFNSKHLI27Efy-uQ,4.595207268093859e-05,20,cold_start
cBarFzmjByEo7On2nJtRlA,2.1429174297807694e-05,20,cold_start
cEnlLDbwRJjeIGXGQZN9NQ,1.5778706363715505e-05,20,cold_start
cLNyFQ3T7p_Kcf09IburKw,4.52476763338954e-05,20,cold_start
cQWrKXD4Nt9Gv-xk609Jdw,1.0398927111984671e-05,20,cold_start
cU0_JyREJ-3vwaNxRdmmig,1.6111243504979596e-05,20,cold_start
cYFan6HA0eXF2gXLPolTtw,8.422422416784023e-05,20,cold_start
cYohoNYuY3l2Po1BbSr1XA,2.6523152128865518e-05,20,cold_start
cZvHhdp5bDqYFcVfRDER4w,4.832034980915486e-05,20,cold_start
ca84zCcwO52EgYChKTseLw,3.2645599373204494e-05,20,cold_start
ccSzXV4wi2cJPnkfP7xy5A,1.2617542045915471e-05,20,cold_start
cgPke0UtMkQECm07ZRWHDA,5.949501358480108e-05,20,cold_start
chktpCblpN5Kd_yskQXreg,3.391392501642916e-05,20,cold_start
cl5NjtALgaX7E-WL2DtiYQ,5.6886477776967095e-05,20,cold_start
coh8PyHDBdrLQ_OvKtqC5A,5.5134926145151026e-05,20,cold_start
cosvZvfx1ElZsQV5LW3X0A,2.634718016605694e-05,20,cold_start
cquDeQN7gzg72tcI4hi9Rg,1.1089140104548827e-05,20,cold_start
ctObtwPf9BCya-nDE8rvzQ,2.2404357920048947e-05,20,cold_start
cunUzAOeA9fdB8lwNGROtA,5.683284628918979e-05,20,cold_start
d-1UpPNpdDvEIGhTdEzdDg,5.98675793319696e-06,20,cold_start
d5i_Rm7W_2Xics7yl3eT6Q,8.298337498484954e-05,20,cold_start
dBLJTwDHD_SHGnE4gwPWMQ,1.7201961468794968e-05,20,cold_start
dBS571rwNf8V0tnz-ZKnqA,6.044363459848684e-05,20,cold_start
dD8HFOlOowiEcBv5F38pew,1.0650464051827844e-05,20,cold_start
dGLx7Ls5DQtlG0sLcZ0DZQ,2.664408514499922e-05,20,cold_start
dNawpzf7Q8mnHIASvFf6LQ,1.3927250207507549e-05,20,cold_start
dU0qqkUwlwS_So3_yhAARA,5.969155615288713e-05,20,cold_start
dY4Y94BDwfIVyO_kaTFeSg,4.1695971885703135e-05,20,cold_start
dbfm8H0KQRrxT_QSXrQZ-A,6.468728676492341e-05,20,cold_start
dfMwNf78ttnEYXNRTIhXeA,2.6921190212843864e-05,20,cold_start
dms2DI0DgFicvwLPlELlKA,7.461640382159494e-05,20,cold_start
doXrSxu1hoYiQNlmyWS5yw,5.282850468030098e-05,20,cold_start
ds7_Qebtt-tSDXHYcefr8A,1.650383682888373e-05,20,cold_start
duuUYNDVgesTsLRfGCeMrA,1.1151628695370958e-05,20,cold_start
e-Dfq8Vylc_evbuKeG8g2A,4.384026972130118e-05,20,cold_start
e1o-2If3E-OY2A_yvamrIQ,2.9717622132134424e-05,20,cold_start
e4hdGUQH8IX0Tcx1Aa3Ltw,8.833576044222925e-05,20,cold_start
e6lLQKTfAaFKqhlU_SvCYA,6.813785170883198e-05,20,cold_start
eCZ4jBuyOjVhkrTMcXR0Yg,5.5456204908644786e-05,20,cold_start
eFeBGZ8xbYR-LiESfovs_g,4.1638769883321e-05,20,cold_start
eOeKgRKbs-iAsIEOmHTrYg,4.070725647055753e-05,20,cold_start
eQG5bKz5S4F0jG8mMw7ohQ,4.0153243673502166e-05,20,cold_start
eQa7PB6VhomV_DTjCw1B9A,2.4500204798581318e-05,20,cold_start
eVTLl2F7_r5etLZwFuU_0g,1.1788688662546066e-05,20,cold_start
edMDjyhuyaaRo5nOstjlpg,2.958777151352574e-05,20,cold_start
ee90xw9wB5-2JBlcqEDa1g,9.381936906522445e-06,20,cold_start
ejLlJAajTJbg4q3Q9xCG9A,2.0675546269696176e-05,20,cold_start
ekrj3Ov-tRqcE9APVlMnHg,1.1986027801186288e-05,20,cold_start
enrfGLDwo4We6Oi38qUJxw,4.753948540322951e-05,20,cold_start
eoI-rJfnSV_rLjqRXXSWSw,1.7370822044191247e-05,20,cold_start
ezq75k5TyS_c38jjmQADNg,2.2678231669546518e-05,20,cold_start
f2pOTQ5d64XYJ0PeMHfBXQ,1.2340182732496064e-05,20,cold_start
fEhjxZMXFxM3Mh4ZHZ55nA,2.4390241620634343e-05,20,cold_start
fFb9GJIGQ7dt5dd63xov8Q,6.099446794822567e-05,20,cold_start
fQtplZtjIkYenwhxSWim2w,7.914084696534422e-06,20,cold_start
fZ-e1GjdLjlidJiEENAqUg,4.1107084641211884e-05,20,cold_start
f_uHHYGSnfy92YuKvatDTQ,1.320329664090664e-05,20,cold_start
fgCDIVM8-PLgJuhxePt2MQ,3.60181679913289e-05,20,cold_start
fgUV6NErXY1OkflgCjNi2Q,2.731972625366325e-05,20,cold_start
ftYHkyI3cCJSpaj9At86sw,2.126046482484541e-05,20,cold_start
fwb5klTiDBcBwFY8WqzX9w,4.744720536538095e-05,20,cold_start
fwsPPYt0By1ivuXSXv3wlg,3.014894858128051e-05,20,cold_start
g3uJf3aqdK6zPsKjMN2UyQ,2.880740950968093e-05,20,cold_start
g58J50yqKPpn0B1wn5o22A,3.6234209126561675e-05,20,cold_start
gGNWbHg7jGu-vaeqqglZ-g,1.5229838329096317e-05,20,cold_start
gGV8GLMIikXGegF0NWS6Pg,8.32437418360636e-06,20,cold_start
gG_1AN235A58hOU-gimZkw,2.6278474158855078e-05,20,cold_start
gITXkZ3IQlSW_PurDwa5uA,4.346518625060874e-05,20,cold_start
gTQhys1slmwDScf7xQ0w5w,2.2008753709749042e-05,20,cold_start
gVBrnluQNWJtYZOAcP-dYg,9.963016912273026e-05,20,cold_start
gWDeSVOZh8ThPMU2G9dAtg,1.0856793032717008e-05,20,cold_start
gWE14ed0pcUlQo2IETmFmQ,2.976878410276885e-05,20,cold_start
gaAL5W0I5Hh1jLbvnW2Wkw,8.571760661246559e-05,20,cold_start
gapEmZHdwBivcHstKNweGQ,2.4458787507757134e-05,20,cold_start
gcQSAQIx-KQOdf5E8HF6Lw,4.936227218603097e-05,20,cold_start
geqKnxm7PtvGiM3sCRXdYQ,3.271728746249707e-05,20,cold_start
gnE7VBl6EDTiy02a4WP4ng,2.1055095042563938e-05,20,cold_start
gnGIQWAwL28OhKlSxbVfyw,3.219239516619296e-05,20,cold_start
gnn0wUyQP8foe2_vkIT4fw,4.807409378004626e-05,20,cold_start
gtlEuByPIBW1HLA89D22mw,3.612015753801766e-05,20,cold_start
gus6t8E-KBZYlkPNqsOUEw,2.7077820306303663e-05,20,cold_start
gxipZ2126wTI7uDNLttHSA,2.1530837403533223e-05,20,cold_start
gxwut4Ruxc63pY644MldWw,4.085383577685719e-05,20,cold_start
h1lWjQMjLdAkC-BARvZAZg,9.187297791591181e-05,20,cold_start
h22117eMO-kVtCOLYYL6GA,5.238419968843868e-05,20,cold_start
h6XRiG4QOnuY6n3SRnou1w,1.5590526013541892e-05,20,cold_start
hDpXh2boLl6JCP3pt-XupQ,2.6251058870144548e-05,20,cold_start
hN4B1kS8J5MQykKxrYXB_g,6.531886955284387e-05,20,cold_start
hN4n_a3FTedoJP1h8ZbjTg,1.9681821305882228e-05,20,cold_start
hR_j-38v2pOesza1j6akBA,2.4071918060164223e-05,20,cold_start
h_Z-1d9Fwc_VHoWOYVen-w,2.737059184160259e-05,20,cold_start
he82vMgfTyBOROrJBD7FYQ,4.561457583646635e-05,20,cold_start
hgdh0gKSczCIjLikWtZpGg,2.2473029629987062e-05,20,cold_start
hhC_L7WE5sQB8TkaWxkBwA,3.410857141906127e-05,20,cold_start
hkiJtkvSNBiSkc_op9a54A,4.5862919704807485e-05,20,cold_start
hmXAG0vhF6oWosfo0-eu-g,6.384494477118771e-05,20,cold_start
hoNc_KStFGoPRvDq2oI8LQ,2.407079069767184e-05,20,cold_start
hrTq1ddt6JHBILeJx2KtPA,2.6345354538869067e-05,20,cold_start
ht8lG0gs4-ddM7ap3wwIaA,2.323679609319353e-05,20,cold_start
i-DkBuzDLRjs1KBb3jEkjw,6.302544043651616e-05,20,cold_start
i2BdYwl6daYX0ObRX14t1w,4.111123025667397e-05,20,cold_start
iCZga7FcYiOjYiTrhcAAXw,3.169742821851601e-05,20,cold_start
iErS6C2sUShAQs4F7qa-1A,1.4688235294134778e-05,20,cold_start
iaraHjNVUQEqTp5jla1yZA,5.2658559590846225e-05,20,cold_start
idN-TpWI1T3_UgufggVQ3Q,1.3182642249467435e-05,20,cold_start
idVfZKAHYec4C3VevKgkag,9.042017611285885e-05,20,cold_start
idz_rIXAJFuXHOQTBZ5IMA,4.3282996282804726e-05,20,cold_start
ifWCzW6H6t2xKQfpoleQgg,2.811148834914831e-05,20,cold_start
ij4m-6fYAq16IlmHEQFAIw,2.0177446786828637e-05,20,cold_start
iqeI_TWLvK3JabtPTZOkPw,1.1265552576924174e-05,20,cold_start
iqy00T10_-8fX2yS91LxEw,6.45807104771487e-05,20,cold_start
ir-ZYaFU_0YRF5wFEcnGbQ,5.6311164298088044e-05,20,cold_start
iyW-OrFw2YnRxsoeQ36skg,3.1676695332573535e-05,20,cold_start
j36UB_KZrjPx6AVPvVLJmg,2.552110003679395e-05,20,cold_start
jCCFD-0Gi2-bFZokbTt5wg,6.567231173763305e-05,20,cold_start
jGuLNmMIM_7IfulRVBWZJg,2.1961597754468985e-05,20,cold_start
jHJCsoQ53CixPE0q-3ATFg,1.192616103427716e-05,20,cold_start
jJvYr8kC7vMKGVeWyHbSWQ,2.528507974575544e-05,20,cold_start
jL3ooM74Zs2maDLKSLi5zA,7.114724829535609e-05,20,cold_start
jO6zRQLiE1cRuqKA0k6YFA,3.4803011576659524e-05,20,cold_start
jTUkZm97QaVb-YxV6q2NLQ,5.9061696044752545e-05,20,cold_start
jV7FdR7puEdY5ch11jg3vg,3.88518767531357e-05,20,cold_start
jVQkjR0H-xpCzw5xNVhr3A,2.6678823284156907e-05,20,cold_start
jcwBfwL68BgGSlKf1t0yNA,6.330306877157993e-05,20,cold_start
jgi-7LWLzcGkPvqFryqI6A,1.6766686397299664e-05,20,cold_start
jh7ltUh43BuzmgPaTf4MWQ,4.9000409597162635e-06,20,cold_start
jhbJuMrHKP4Vb2kfsVizKg,3.659388602584408e-05,20,cold_start
jl8QAeSW1sbBJOvsCcZEqw,1.8916830677576122e-05,20,cold_start
jlaktBNmve9FMOAlsG6PwQ,3.666614340928122e-05,20,cold_start
kBbtYlzHXqMLj_8ZkupvwA,1.8079673715934316e-05,20,cold_start
kCrzq7PEBYCMU1xNPNQA8A,2.426656220074867e-05,20,cold_start
kLfkz8Rj74XB67w06iV-7Q,1.5329547879012424e-05,20,cold_start
kRSQGsUUNwNWGhhiBZFWcg,3.4548065284471475e-05,20,cold_start
kW3e50BWFl5QxxP0GEYPNg,6.222441881450858e-05,20,cold_start
k_W2VhhVe0AjbhqNrbdQHA,1.8824410676013376e-05,20,cold_start
ka-GZEjFKl8lmDXlZPftoQ,1.410937509932006e-05,20,cold_start
koeubKPpi6ax4FDh7_zcWg,3.5405493040021296e-05,20,cold_start
kwxHDNF7MQ9kHd4F7PHCfw,2.5593343412941703e-05,20,cold_start
kxs_y4UlQl3p1ByNPB4H7A,3.8791930845028995e-05,20,cold_start
l2SdflR7ydSWtxG2UlWA7A,1.1723915647916691e-05,20,cold_start
l54taYsUYwDxB93lA-w9Vg,1.6394514175054648e-05,20,cold_start
l79KYZl3I2gi2C0JZ77BGA,5.364558845546996e-05,20,cold_start
lAeoNBksQeNB5cY8mvYg9Q,1.6503560377238713e-05,20,cold_start
lMRBJZ5dt0c51GizF5EHig,3.707242854559802e-05,20,cold_start
lSfMGqkDaMvqm-KCa6Yr2Q,9.55606819202862e-05,20,cold_start
lYPeTDK3fvOL1g5KPIvGCg,1.271646810462215e-05,20,cold_start
lYxKXvDZGX9a3RwGuu0tPA,7.835326201575158e-06,20,cold_start
l_xCcePP38yNSPrlziIQSA,3.6782583293951464e-05,20,cold_start
laN9GTzSj9Qz4S2wxyVanQ,1.8854725207726407e-05,20,cold_start
lkwj0-9Sc_anMVNlnuqYAA,2.3721937533184067e-05,20,cold_start
lmx66dQekwC0FkCCp39xww,2.522043209890704e-05,20,cold_start
lnCLpUgxG8In0M7fv7liFw,1.2548212107854905e-05,20,cold_start
lvL_24Vo9CLg5Cyimkpdaw,4.570076012847638e-05,20,cold_start
lzwyq1FaMcR24-5qDiEDHg,3.363755479770017e-05,20,cold_start
m0goxK9IkGhjoyfEA9ZvBQ,3.425003826217817e-05,20,cold_start
m5a-tpuxemrMrLk6BYVb5g,1.961486935664224e-05,20,cold_start
mFXzS0ogBF8fc_mMMGSLDA,9.642368723089273e-06,20,cold_start
mKTQek1QqB7xQcPBMzfG6g,3.166448898871847e-05,20,cold_start
mL1Q-xMMgXiiEJiZKhRgpA,3.2407722805279845e-05,20,cold_start
mLWZQtqebGFaHGN6Ix6Tew,4.901420703792984e-05,20,cold_start
mM4vtt-BVT_80J9JSKdw7Q,3.169824253405217e-05,20,cold_start
mPEemzmB68ThtuKhVXE3BA,3.531803564553175e-05,20,cold_start
mPUHKEOvrmH-uLzvzrOt-g,7.793655139294324e-06,20,cold_start
mU8d9qbaUqJ-XTd5Ood6Kw,4.5853593216621024e-05,20,cold_start
mVZhzTJ5xoneXa9XMWRyCg,5.894558552628689e-05,20,cold_start
mYOFkbJq_SDnUaN_BDEkZw,1.5308022457408718e-05,20,cold_start
mYcdkeLn32Ab9VXE5-HniA,3.012306434821278e-05,20,cold_start
ma9v_hyIJtb63dtXfVnamQ,1.1411723297740537e-05,20,cold_start
maDs1YYOCLPm3-qlRNAePg,3.8354358643234115e-05,20,cold_start
maJZn4JZtCQRdVCSzD0Org,6.240191286623818e-05,20,cold_start
mhEClxuKxv8UWXPm1tSPyQ,2.4792501816603654e-05,20,cold_start
mmSTPGfCVNtR30ymISw6Lw,1.3090930795218067e-05,20,cold_start
mmrDkJEIxvXqBs-cDCnVZw,2.6233070924896467e-05,20,cold_start
msIS0f3xGr0SQFqkQ1wM3A,1.8708386297282578e-05,20,cold_start
n-WO5netYEXLiC6bBJrF4A,4.9640662486420186e-05,20,cold_start
n10ZO6Bx75kqYtQg6pkJdg,8.448736103229273e-06,20,cold_start
n4iXrGYnpfTeR2_y006xPw,5.993587819360401e-05,20,cold_start
n6zEr09OC7WigrxfQ4rjQQ,6.310317377743369e-06,20,cold_start
n7i8dOHL-RTBcSv47u73Hg,1.9876940667465753e-05,20,cold_start
nA8OwIMCvBXVbEJALcF4Yw,2.583129717024974e-05,20,cold_start
nEAxkQ4m0rbSAjD8mxaVrQ,2.375013182900288e-05,20,cold_start
nJcpA8LGYWg2XKSK8T5aug,1.2451784965290105e-05,20,cold_start
nOEuF2LUxnHSqjLLbg8VKQ,1.3662169198126303e-05,20,cold_start
nOtxdJst7a0oxMWb7Sdteg,3.501735544278934e-05,20,cold_start
nVUg4KZp8ZeHtkaVSO-1Lw,1.5005621213301544e-05,20,cold_start
n_kAyrRnu5UApY2jfAhvvw,3.4055081128039316e-05,20,cold_start
nfZswvgO6iC-zIcWKbCFCA,4.487933045240425e-05,20,cold_start
nlBbduGlFLoHMQ1Icln3Nw,7.001833212129337e-06,20,cold_start
nzGPYlzhmvCxTfPKKRQurg,9.073557137671673e-06,20,cold_start
o-JguBmC-oWAShOmFdWxcQ,4.0853160660055047e-05,20,cold_start
o0jh0G07cEmL4EYusZe3JQ,8.630684393945323e-06,20,cold_start
o1I-pKoa6WUNpMViWaA9Fw,3.505504866948387e-05,20,cold_start
o2547RNviHXFBXIzGTatlg,9.430950930036852e-06,20,cold_start
o61HRHnzNDcU6eMKZaB5wQ,4.410166738844203e-05,20,cold_start
oDDQUnbC0RCYJBjc00NRew,5.306605134673377e-05,20,cold_start
oGS8C5zuCqqj8AbsH7R8Uw,2.7788911541940927e-05,20,cold_start
oSHQxAD_q9MwRHQo9UGBPg,1.8616123038686965e-05,20,cold_start
oS_i_WSEMwNulxRECiM00Q,2.4408941079045228e-05,20,cold_start
oY6osC4Ch3PvguA7D1hh_w,3.405903225477036e-05,20,cold_start
o_CHB6DoUYwMuOabKpBGRw,6.823432286406878e-05,20,cold_start
ofoNjqi3JY_m7Iuy5oJzdA,2.3360276365298813e-05,20,cold_start
oo3Jpr_Nqw73fybrQjpcHg,1.2158403290225513e-05,20,cold_start
oqJw3lpaoUMz5LtEpZ4Y0A,5.1732590500868294e-05,20,cold_start
oqw60IDy9yAf8euM0C4eNg,3.8213141464737366e-05,20,cold_start
otm8R7rkCtCNM0g0TC55-Q,4.530840609234907e-05,20,cold_start
ov8_PI6uHVEMODtdwX96gg,1.559814881233125e-05,20,cold_start
ovBGKwbm-x9mQ-Vd-L0QgQ,2.536475124045796e-05,20,cold_start
p6zCE-CRFFLtjlrtn6kyCg,3.5809451436584304e-05,20,cold_start
pDDwhEfUVhXYqpZ0NFLNcw,2.5955327590440575e-05,20,cold_start
pJlg7kXLJC5HFNTTSINNhw,5.067782003037876e-05,20,cold_start
pKJu-pK6GWgPSaYhaEzZGg,1.8494535642589307e-05,20,cold_start
pKccrz26dHNUcR5ShhoKJw,4.849102820726633e-05,20,cold_start
pMIps0jIDadJuWqxP6MNQg,3.392860745289266e-05,20,cold_start
pRuQpgFGDh4wYP3nU-mg9w,3.352277462538778e-05,20,cold_start
pSjT5Att7iCjpTi5hDhsAQ,1.8154396804580218e-05,20,cold_start
pTeatktHioSoawLSCzfgKg,3.833623861046022e-05,20,cold_start
pWAmi4uwpLGjInPSb7Et2w,3.348397821207572e-05,20,cold_start
p_HeJssTSDwiT4K261H_kw,2.5917177915088596e-05,20,cold_start
pbrxNztUAp8M5zoQplPVTA,1.6716671957378842e-05,20,cold_start
pd1XNEPorncrBED2e8CgHQ,1.1344924604872483e-05,20,cold_start
pds8bhq4azIP28OhTiLsDQ,4.720327898073809e-05,20,cold_start
pi8-7F-RlfGyiaMy9s2oEQ,3.211572890931278e-05,20,cold_start
picPFi6JAQ6VDQUCOqftmQ,1.4972774010339617e-05,20,cold_start
pp1WQCg_2nr7Ght84qSSyw,2.1667948288694254e-05,20,cold_start
pvC022Q2HIsSg0dNksS7bQ,8.36372152152822e-06,20,cold_start
pvy9pj_kCKNBX5sdn-YlnA,3.393154450074656e-05,20,cold_start
pzGBno0OEeEIAjB45h3O0Q,3.353585281007478e-05,20,cold_start
q2s15GwZr6NdTH-HtSirsA,1.5234613040828762e-05,20,cold_start
q3lJFu0b0VuJkbMKnb1F7Q,6.467142304192706e-05,20,cold_start
qCjN6OhBOSsxd0Tfnvf8pw,1.684602597216494e-05,20,cold_start
qI41bbsoa2-eiLKHsiVAhA,3.210270793951643e-05,20,cold_start
qNWKQTIiE3hxHrqE6itK-g,1.6144390131148968e-05,20,cold_start
qTOZYUyeYwnsyaAcNMIZlw,4.5164725408952054e-05,20,cold_start
qbt1zCsv5aDQoGGjTfbV2A,7.5282730675783696e-06,20,cold_start
qi9hrMHDUnpUsHZPAnhIrQ,1.5841003394051427e-05,20,cold_start
qievsN2fQbRZXywsQFf1AQ,2.2145552791179655e-05,20,cold_start
qjkxF-JjH3JW4hlftSq7KA,2.6081669160574953e-05,20,cold_start
qxpllw12v4B2seew25aWVQ,4.965070414548504e-05,20,cold_start
r00ngMUM5cLi5ZmKexELqA,1.545628069089373e-05,20,cold_start
r5--kPhTvamXmN7ZMbUUYQ,6.215918789530512e-05,20,cold_start
r7GGMXm2AmaJxMIgLeB1gw,2.8499435746776535e-05,20,cold_start
rEYWXkpgUbLeWaCylWuJNw,1.1661347577930094e-05,20,cold_start
rFZhTARrrlJSEFKDVMib5g,1.3608176606019867e-05,20,cold_start
rLy6X5J4tPvzQ9BTHpsLRQ,4.6516798683819594e-05,20,cold_start
rMXX7YgI45rBXAFYcrPKjw,6.0257783591035194e-05,20,cold_start
rPZVLJ4QucRMNIlR-VYQHQ,9.169382887225909e-06,20,cold_start
rS2z1SZHNFHIU0_KWcUgsw,1.7437221201909965e-05,20,cold_start
rZIoDcsE7vsneLXRzkXlfQ,2.8373053536614247e-05,20,cold_start
rbhFtPqq8ZCKmEU-rY6VDQ,5.645064997047281e-05,20,cold_start
rfBWKSGrl--_BrJBxDQyvg,8.442251944727458e-05,20,cold_start
rh3c8tgPyPXD4vj7nC0TuQ,4.523488222495618e-05,20,cold_start
rpdC86_GmmRBKTvF2_DnEA,2.2365440275292996e-05,20,cold_start
rtvDfe1YXglHBBFG6aQx8Q,1.679763626991696e-05,20,cold_start
ruPaJWpkFnyBxsN_LnnmQw,1.5671026013557505e-05,20,cold_start
rxkYwRxChYy8KlBcLEOAfQ,4.7230786670056706e-05,20,cold_start
s2J1lRgd4CagG4TjTUYQhA,2.076699052564353e-05,20,cold_start
s4nlPf6kXz97uk0yerqmHg,3.68893601469546e-05,20,cold_start
s9WOS_6UI-E78zw2HCRX9w,1.415676651789553e-05,20,cold_start
s9jc9fcMlsRyoXnWKFal_A,1.8660138702395768e-05,20,cold_start
sC0nPDdjkErUhoT1BAduLQ,2.1297367210138168e-05,20,cold_start
sGMdX8Nfc5OttDsxX1QxQw,0.00010219912388239058,20,cold_start
sGdpqF3LRPMJfr7ickXlgg,2.1195376767359227e-05,20,cold_start
sNLCzeCWwNBi0QRrIHfwqw,2.7589907950957494e-05,20,cold_start
sPFVy3YI8viClkH08SPLeg,3.93818785013858e-05,20,cold_start
sSY87quBd3LjV5Rk-KcPPw,5.2217898579105565e-05,20,cold_start
sTQZ6WHggp7pBnn7mW7y0w,7.763296772002835e-06,20,cold_start
sVvL9HpF6doo4y4SEjSbKg,3.377438435040638e-05,20,cold_start
sX-HF1WzCOpvePr4EMSlHA,2.9007408319883657e-05,20,cold_start
sX43wVVJVvrxSR0ajvc2ZA,7.562937772292213e-05,20,cold_start
sdUQjlWN9y6yowVcvqomnw,2.0454684252344697e-05,20,cold_start
sgCUMv2spV-tpCHWBO1Etg,2.569834028674244e-05,20,cold_start
shc1UzNA1jo2BOjdstsqpg,6.147739610527845e-05,20,cold_start
shwU_rE-turuyGBYHeolNw,3.6096203698907557e-06,20,cold_start
skzs_McPObYVqUUzXK-E7A,5.3578403859970984e-06,20,cold_start
smoEsBXQ72n2gyyctrKaOQ,2.6215573026071796e-05,20,cold_start
snFTGTO_TIpJMh7Qdlb6tA,3.31074911445301e-05,20,cold_start
sosDznJyyJWHc0OYoVEWRA,6.110678836993186e-05,20,cold_start
spm1KEE-5jAJVTE0ldpzFA,2.9556000520786796e-05,20,cold_start
su7GpBsXIzEWtkOkNwk5Lg,1.2951437835579267e-05,20,cold_start
t-kcwzZPiF2hKTPWJEeF7w,2.0052379414734684e-05,20,cold_start
t-siznLJ3Mj6Ols8SAWz-Q,1.1214139450019653e-05,20,cold_start
t4Wdgfto05xRBd_ggd5T7g,1.9041549138352516e-05,20,cold_start
t5-yexCcAQaxuPw6EZZwnw,3.711065362408596e-05,20,cold_start
t9pr2WIsBEuglq-5MS4aVQ,1.620351405878346e-05,20,cold_start
tEjgGPpomcMxJ7kvDqPyXA,2.6135723417973013e-05,20,cold_start
tKL_MbA8s_ZeU4RV5m-0QQ,5.230792812785226e-05,20,cold_start
tQDS0UOVk2DyB0zfTtT1Jg,3.204700539218952e-05,20,cold_start
tRGmKAtSfPwe4Sl7uY7P9Q,5.3504677736056954e-05,20,cold_start
tTbYIQk08cO-uyXmYIdVOg,1.835692364649764e-05,20,cold_start
tUAG5hK3O3M52isPh98DMw,9.337875370257023e-06,20,cold_start
tc6Qtzos9S09eRlHHrNUbQ,3.6659645778555755e-05,20,cold_start
timmWUfeZ0ES0-mGnY5E2g,7.254577638489887e-06,20,cold_start
tmiGdoFefTVsfalYO7uMHw,1.29562913690027e-05,20,cold_start
to6wzDW0qBkrY6zttmngZg,7.765459667477873e-05,20,cold_start
u12BYcjx2VGy8L_N1Q_sPA,3.675115657890024e-05,20,cold_start
u3uB0GD7cVf5NC-AFHdwnQ,2.2858188381304945e-06,20,cold_start
u4KPk6MQkbwCNiNHaAiRPA,8.424876039988466e-05,20,cold_start
uGqgf0SNirwrezTrv3GLJQ,7.0951576409720964e-06,20,cold_start
uKEZQ_j3B8kMd-ThoGZDYQ,1.257129992765787e-05,20,cold_start
uN9d_m0ZG6KM4zYVUS-ZDg,9.628017389149958e-06,20,cold_start
uNln_EqOfvtsLDor2NqhvA,9.78434556504237e-05,20,cold_start
uVNzMzly3ICsE_tgR-IlqA,8.73230338005665e-06,20,cold_start
ucA1W2jGl-PwKK2gCr05yA,3.070636728670922e-05,20,cold_start
uf-vkwfYYO5-4tOTNntQcw,4.2819161577546845e-05,20,cold_start
ukpvdbvKsxh8-oAxY3nsZQ,3.330407312059007e-05,20,cold_start
uotTfs2JtXxKG9hymg0ReQ,2.9018310553959548e-05,20,cold_start
uppHXQH6tuNFtqxT8dRHig,1.444937219833452e-05,20,cold_start
upxQiiUF-6NM9jOJCxS_hg,2.2429437908102756e-05,20,cold_start
uswNPK8UQ44QmopDal6Fxg,1.672744304305644e-05,20,cold_start
v1kfHazPIbHf3u9ybTnLRg,2.7301259693958915e-05,20,cold_start
v4V3ZDGNae7vUAOfzDd3Og,2.5509487201860797e-05,20,cold_start
v5doqJn6cJ3vHJuVOghMzA,4.103685015955375e-05,20,cold_start
v8GLvA8kl1_1L8I2Ie1RCw,1.1354935943601392e-05,20,cold_start
vFhOCxCeY_oniyoceyzGpg,4.126572805287295e-05,20,cold_start
vG6_ZC5sHRP8Jso09-WjsA,1.8699973590890137e-05,20,cold_start
vH7J9jSry4QgOR1MqTuRLw,2.8094906348757817e-05,20,cold_start
vHQ_RMQQ_QCuUGXDQNpGNA,3.973520096038249e-05,20,cold_start
vIqc98__17LMLk0ZCOuiLA,1.6194289470832268e-05,20,cold_start
vJLbVnnZFb_kiUMjGIWsSg,1.8396105320386315e-05,20,cold_start
vJpRfwM1MT3gWjKBZf_9sw,3.560958946196007e-05,20,cold_start
vKq53JMpZGATGhq-KqzOEg,2.1036042646698242e-05,20,cold_start
vLKZGIQYKaTDxcY5shttWg,1.2747643965771551e-05,20,cold_start
vLobB_Q9BB6cJDE_P9KsHQ,3.844510199290176e-05,20,cold_start
vMNR7pvwQDPtdf1Wuxqn4Q,2.1643790047417684e-05,20,cold_start
vP08ToWNiC3y_fLgNgMhCQ,2.5180540833286067e-05,20,cold_start
vRm7mIVRfvzvBKhDe5DsOA,4.8088628917868994e-05,20,cold_start
vbKckewFfz7vVRhFmOh4UQ,1.8045761875743592e-05,20,cold_start
veSSeeVWzRbZvPD3xyc9mA,2.162500595538161e-05,20,cold_start
vgJDi6bYu02k6h9_ZodulA,1.6512364536317365e-05,20,cold_start
vhGQBkw05SrbnMT99vshAw,4.1882917566828206e-05,20,cold_start
vln582yf0nbUuHzBnY6yOQ,3.588276475142574e-05,20,cold_start
vnHL_GrlfdmptInzFTU_5w,2.0748579216364794e-05,20,cold_start
vr7LLo3Y-A1FbN3azFGZkQ,1.7603019269865167e-05,20,cold_start
vtn32S6zcfPWTYiZuhuFYw,4.64793042876933e-05,20,cold_start
vxrGNnuEef7YCfB7mN08rA,3.198253448520071e-05,20,cold_start
w5uSvE0aMDKQn_0l9vuNxg,5.374540220880176e-05,20,cold_start
wJGuXhM6Tmx4gEp2IiTBHA,4.756440841328395e-05,20,cold_start
wMcl1F6EEa3ngDh0HsN_vA,2.255040263543009e-05,20,cold_start
wP9Cx-jxLflhv6c1mGIjYA,2.3520606944801735e-05,20,cold_start
wS2y6L0kV7_FSDroT3HETw,2.896827559226259e-05,20,cold_start
wZjHlM6t-kMhnPDaeGzZ8g,8.646642225233519e-06,20,cold_start
waMeR43MNRlowsLDY02HXA,1.6320484691795027e-05,20,cold_start
waU0sq7ThK4uY-30YZ5h8Q,7.251676454672744e-05,20,cold_start
wbrcw9fIlE5cqd_3GtXPFA,3.406947740887796e-05,20,cold_start
wdmRWiuUD6oOv9XC3v31Iw,1.5307355418509034e-05,20,cold_start
wlzn5BhVMS2Kz3BYcTZIRg,8.886096412979604e-06,20,cold_start
wvM7vXUZnPCvYYzdYlbV1Q,6.716345249502521e-05,20,cold_start
x-64ogehwhEXOfo_NEE5mw,8.166952174227932e-06,20,cold_start
x0YRWf9_vPoJC9wUPoJUrw,4.341565227658866e-05,20,cold_start
x4CW-FWI7BslcgBYK3gcDA,9.91884205697205e-06,20,cold_start
x5-7JNoYyh8VgCp5pCsiUw,2.551386488053514e-05,20,cold_start
x67huqR9qbjoodRBu3KWfg,4.637597930713175e-05,20,cold_start
xANlxMXcHBVFdTsmcX2ZzA,4.622971468424917e-05,20,cold_start
xDgY4bksYHiNO0hPmT4gYw,1.4895998640664634e-05,20,cold_start
xM2zutXv11alems5TnlC5Q,4.0936779861148074e-05,20,cold_start
xPUAToEmtkJlRjIKDkpWIQ,4.263652413894186e-05,20,cold_start
xVZzmogXT64tfSwHZgYVjA,0.00012738341371871235,20,cold_start
xW6anc3eKbijsELT7FLr9g,2.324764140211944e-05,20,cold_start
xWrns9oes6rEf1NmGtz1bQ,1.26955108673573e-05,20,cold_start
xd2QyNuEA6gt6Yqn_Yt5iA,6.61840869366597e-05,20,cold_start
xf4hdY-izcbyzcYTOUy2Rg,2.639583388473438e-05,20,cold_start
xg2v-Lf39AVEo4we0dnbtA,4.351033791327623e-05,20,cold_start
xgJMQq0uVY4KB9EfnccXzg,4.4937754943517325e-06,20,cold_start
xjoeCDmeRteRsMh_HTdOGw,3.568169640503266e-05,20,cold_start
xnDX9i4RfIRrxMEFARlPtQ,3.088669019986842e-05,20,cold_start
xr6tLZ6MMyBmOr8EGVAWQw,1.5425672539464568e-05,20,cold_start
xtAgDi9BPtO6FdcgOtcyHQ,5.304956374752162e-05,20,cold_start
xywaDaIL8_udyftSvgPmAQ,5.632966166356854e-06,20,cold_start
y3ApB9iM9tlsksQJEANHkg,3.77457665916783e-05,20,cold_start
y5mX8NllPt30Nfw8oCcLuA,3.194252338356401e-05,20,cold_start
yDi27lJ-GDv_yC0iiL_68Q,1.20815766806873e-05,20,cold_start
yL-xeorNGIryLE2AY8nGnw,7.957519760746755e-05,20,cold_start
yQK9YpO1lnQqcpiT7uZHHA,3.055662698709506e-05,20,cold_start
yRVRqGIjfIwEICeRWDfxtg,6.249668123699004e-05,20,cold_start
yUcIuR557TA3GY_pGDj1-g,1.672744304305644e-05,20,cold_start
yXclLfvPrfQVowKQvlgurQ,2.2840329775273673e-05,20,cold_start
yZUdzAVPpc57Q--rYeHOUg,4.04593633392256e-05,20,cold_start
yfL0PSbSPeOb5QQ5uvGjrw,7.630758910897051e-05,20,cold_start
yh4OvNj73ioPYPhJv6MNjA,7.54408118236109e-05,20,cold_start
ymurmddywqW-2D9Yp-X6jg,4.8390480321229645e-05,20,cold_start
ymvSAcuCX9iIF8gKamfc3A,2.2514206464278957e-05,20,cold_start
yqnxbt0GBPZ5IDACqqMkBg,2.504216266726146e-05,20,cold_start
yuCHAXdpgbQdvDbzTTyzdA,4.422356492856183e-05,20,cold_start
yuO-Qy1QQVumIhO0ijvl3w,2.8378582200709062e-05,20,cold_start
yx31OWOldAFmgJ8PDzgMYQ,6.061928035799472e-05,20,cold_start
z-BMYKp2XjdNdUArwj2BPw,2.5070176756319835e-05,20,cold_start
z-KhjAolUgorZVWSFbVqnQ,1.7128863868656675e-05,20,cold_start
z00F0RSAGimvSU9IrTevOw,9.352982108595022e-06,20,cold_start
z5QMBDD468EImgmr0pbilQ,1.6438213421760043e-05,20,cold_start
z83W435NrTZyazSaX-9tvg,2.958046726479289e-05,20,cold_start
z9wCTHYI2VZy9YIblwSsgg,1.3972050489455801e-05,20,cold_start
zDnxrHSH6nhpX2j67wJiUA,5.847039817734619e-05,20,cold_start
zG3ijcNz5_KyxQb3w29OZg,3.3946009715456694e-05,20,cold_start
zLULLZsVKZrv7QNn_EmRUA,1.1535544204364522e-05,20,cold_start
zX5bp2_1O9cJFQoGOjFwyA,3.671840661999842e-05,20,cold_start
zXNx6wFZsoYPtMAZmdlvWw,1.2614475691608211e-05,20,cold_start
zY4ObZaMfkguE37G2gmabw,6.462088621882315e-06,20,cold_start
zaOhxcCakvXke6FQRcFg2w,4.6115051082233944e-05,20,cold_start
zaVDhiikQDCV_kSmLBWflg,4.871353377161721e-05,20,cold_start
zbNa-poXHF9zR6M7tnxjPA,1.5257005673952458e-05,20,cold_start
zezqFvepI43vrYCVHwr-Mg,2.957930855963999e-05,20,cold_start
zqAPDoI34MDtNjvCWe3WKA,4.952006604366857e-05,20,cold_start
