business_id,popularity_visits,unique_users,repeat_user_rate,stability_cv
680315,355,345,0.028985507246376812,0.5143467479477829
680320,152,149,0.020134228187919462,0.4424889379148265
680325,42,41,0.024390243902439025,0.5235930288534653
680331,334,327,0.021406727828746176,0.5807223202039755
680359,324,313,0.03194888178913738,0.5786302264211275
680360,587,580,0.01206896551724138,0.58074283049589
680376,405,390,0.03333333333333333,0.5817886112849967
680380,685,671,0.01788375558867362,0.6441720028839141
680383,772,707,0.06789250353606789,0.6544681959679304
680393,552,539,0.022263450834879406,0.6107561554472613
680416,274,265,0.033962264150943396,0.49937767884013784
680417,179,169,0.03550295857988166,0.5142166017577594
680423,634,626,0.011182108626198083,0.6711375001364496
680437,446,426,0.03990610328638498,0.5862331653022198
680444,1021,966,0.039337474120082816,0.6651909939145249
680470,560,514,0.06809338521400778,0.5994077420284991
680479,906,858,0.05011655011655012,0.6271180830778399
680490,469,449,0.0400890868596882,0.5784677118370569
680501,5484,5298,0.02944507361268403,0.6981532036070708
694222,493,479,0.025052192066805846,0.6685550267014984
698013,125,124,0.008064516129032258,0.4032021825337755
698061,237,230,0.030434782608695653,0.4434592397703471
698082,163,160,0.01875,0.4878519674816095
698083,396,370,0.06486486486486487,0.5201214580580115
698174,397,381,0.031496062992125984,0.546811887892689
699656,137,137,0.0,0.7184740789702342
699985,144,142,0.014084507042253521,0.5240291186603396
700008,194,192,0.010416666666666666,0.511880503350798
700845,905,884,0.02262443438914027,0.9005736892564534
717810,332,326,0.018404907975460124,0.5107468720831279
717814,578,560,0.02857142857142857,0.5870847925724892
717832,1671,1612,0.03225806451612903,0.5520972472365415
717839,873,840,0.030952380952380953,0.6160535700922994
717849,285,265,0.05660377358490566,0.4552185241012288
717904,1345,1310,0.024427480916030534,0.8098784593370746
717906,941,920,0.021739130434782608,0.5989624547910833
717911,1292,1226,0.04730831973898858,0.6554871084837977
717921,1001,944,0.05402542372881356,0.6303566843574796
717951,373,360,0.03333333333333333,0.5193746692599223
717962,680,660,0.022727272727272728,0.6674978585228364
717970,202,195,0.035897435897435895,0.551821525128758
718485,1248,1147,0.05841325196163906,0.5855688874819143
718509,740,731,0.012311901504787962,0.6590313385310866
718512,161,140,0.06428571428571428,0.5096105522675312
718517,1632,1586,0.025851197982345524,0.6329271143723616
718520,418,392,0.05357142857142857,0.6253016348372437
718523,223,206,0.05339805825242718,0.4823630173732815
718530,422,414,0.016908212560386472,0.5480639248808202
718583,771,729,0.04663923182441701,0.6299540542316489
718584,374,364,0.024725274725274724,0.582030036142415
718591,430,417,0.02158273381294964,0.5736383623524879
718602,306,304,0.006578947368421052,0.5531418980410875
718926,252,243,0.037037037037037035,0.502538963060645
718986,493,475,0.031578947368421054,0.6035097980149887
719005,586,570,0.02631578947368421,0.6263618334124185
719025,478,468,0.021367521367521368,0.5700102673708868
719237,556,546,0.018315018315018316,0.614564706204175
719242,2155,2078,0.03224254090471607,0.6632342911368455
719246,272,267,0.0149812734082397,0.5074628428037814
719255,242,235,0.029787234042553193,0.46648218930496516
719268,589,558,0.043010752688172046,0.6133266678682584
719297,3729,3576,0.036353467561521254,0.6471338047249613
719305,1338,1296,0.03009259259259259,0.6244762927784907
719340,335,319,0.050156739811912224,0.4872083721520142
719346,94,94,0.0,0.32541650758696955
719353,178,174,0.022988505747126436,0.43019131344354344
719362,151,146,0.03424657534246575,0.4859159709508312
719370,312,303,0.0297029702970297,0.5205604507673671
719379,2365,2229,0.04755495737999103,0.5574579849925015
719389,737,701,0.047075606276747506,0.5153985156463244
719635,681,658,0.031914893617021274,0.6639225323030572
719657,829,769,0.05721716514954486,0.5869055379902981
719659,85,85,0.0,0.7385272885018036
719668,1602,1490,0.05704697986577181,0.5614044363977714
719674,1509,1450,0.03793103448275862,0.5512071184806696
719675,716,682,0.04105571847507331,0.5865369191744947
719681,302,279,0.06451612903225806,0.6079959200882418
719682,984,929,0.04413347685683531,0.5824727820546084
719686,214,201,0.05472636815920398,0.4475945965474283
719688,342,337,0.008902077151335312,0.8590486730091659
719699,806,768,0.0390625,0.6874330754961361
719710,642,622,0.027331189710610933,0.5922515964761209
719718,274,255,0.050980392156862744,0.5214181422316246
719734,293,286,0.024475524475524476,0.5879854329809266
719739,918,875,0.03314285714285714,0.6116799898678825
719959,636,620,0.024193548387096774,0.5507975421112042
719980,406,394,0.025380710659898477,0.5493078329375203
719989,375,369,0.016260162601626018,0.5364727072135675
720047,1537,1487,0.02757229320780094,0.6377306845247909
720063,133,125,0.056,0.6600912134301407
720065,951,934,0.014989293361884369,0.6372165757085443
720079,94,93,0.010752688172043012,0.3866454295604498
720168,101,99,0.020202020202020204,0.5500810759829906
720189,459,445,0.029213483146067417,0.6420864993858826
720192,485,467,0.029978586723768737,0.6391469113760677
720286,205,203,0.009852216748768473,0.5077009359359642
720298,1773,1689,0.03966844286560095,0.6179050259177056
720305,872,840,0.03214285714285714,0.5924268838822413
720311,939,916,0.02292576419213974,0.6133170742106472
720360,1548,1491,0.030181086519114688,0.6520004361242884
720365,1401,1345,0.03494423791821561,0.4091538001592359
720370,1291,1243,0.030571198712791632,0.6275406542587814
720372,516,497,0.03420523138832998,0.5809117242505667
720452,1129,1098,0.02185792349726776,0.626987099568805
720501,265,257,0.0311284046692607,0.7033018632334618
720518,428,416,0.028846153846153848,0.7372987376197405
720551,161,160,0.00625,0.4808652971180753
720607,257,251,0.02390438247011952,0.5049387298366022
720660,1150,1103,0.029918404351767906,0.6213289078848211
720668,381,367,0.0326975476839237,0.7409859066318563
720703,217,206,0.043689320388349516,0.5241805694186492
720725,279,275,0.01090909090909091,0.6005065560541296
720730,202,198,0.020202020202020204,0.48013834896955254
720748,692,663,0.03469079939668175,0.6074416602772155
720761,2248,2158,0.03429101019462465,0.5586392070463073
720797,2534,2434,0.037387017255546426,0.5637384964504701
720819,183,158,0.0379746835443038,0.5342708931875862
720837,192,187,0.026737967914438502,0.47087489272374966
720840,204,198,0.015151515151515152,0.47235651413385255
720841,428,424,0.009433962264150943,0.6021731265234108
720853,748,730,0.024657534246575342,0.6281391024604237
720870,306,298,0.02348993288590604,0.5576608087397581
720871,532,521,0.019193857965451054,0.683663338313332
720880,1494,1444,0.03185595567867036,0.6169427602082623
720941,607,556,0.07194244604316546,0.57273342982162
720979,520,499,0.036072144288577156,0.5289830120821915
720981,773,755,0.02119205298013245,0.7130532093377865
720992,236,234,0.008547008547008548,0.5282021976800821
730143,548,523,0.022944550669216062,0.6933394705941982
730156,563,547,0.025594149908592323,0.6957714212093166
730159,2017,1947,0.03133025166923472,0.6358243334989386
730297,668,642,0.03271028037383177,0.635922565286426
730315,188,173,0.04046242774566474,0.4419179652721199
730365,401,368,0.02717391304347826,0.5640083346018969
730378,147,144,0.020833333333333332,0.4611572603662093
730384,147,144,0.020833333333333332,0.8014504686461392
730395,1142,1112,0.026079136690647483,0.639123154001998
730419,245,241,0.016597510373443983,0.4504622077896594
730420,491,477,0.027253668763102725,0.5894694453107416
730427,271,264,0.022727272727272728,0.6884967632339323
730595,241,238,0.008403361344537815,0.49389006613261793
730671,562,547,0.025594149908592323,0.6482696946102546
730732,528,512,0.025390625,0.7125746002345285
730788,744,722,0.029085872576177285,0.6554256958938639
731153,331,323,0.02476780185758514,0.5866618503186085
731154,1504,1476,0.016937669376693765,0.6062564615539082
731176,2260,2152,0.04414498141263941,0.6561901839650367
731194,243,236,0.025423728813559324,0.7337954899425989
731195,422,402,0.04477611940298507,0.5936347752531457
731270,909,864,0.041666666666666664,0.6300963181290311
731363,432,401,0.059850374064837904,0.5261879944137441
731381,505,485,0.0288659793814433,0.6728890882137466
731387,279,271,0.02214022140221402,0.5138785897249156
731388,479,462,0.025974025974025976,0.5733425742866669
731394,489,474,0.03164556962025317,0.5557151393035462
731399,2243,2172,0.02716390423572744,0.6614190502232276
731402,152,152,0.0,0.5156820511122481
731410,1049,1022,0.021526418786692758,0.5854303207759551
731444,154,153,0.006535947712418301,0.4421461266130368
731449,301,286,0.04195804195804196,0.5347579641504595
731451,7,7,0.0,0.3912303982179758
731523,335,324,0.030864197530864196,0.5204508585205507
731531,841,799,0.04005006257822278,0.6011761414837212
731546,552,541,0.018484288354898338,0.6432264959473019
731547,1631,1601,0.017489069331667707,0.5935379749619174
731557,170,162,0.030864197530864196,0.5329668867970553
731562,669,638,0.032915360501567396,0.6331841809418539
731658,775,735,0.04081632653061224,0.7003328760822569
731908,264,256,0.02734375,0.8410958796335668
732100,375,354,0.05649717514124294,0.6190224735758977
732280,249,248,0.004032258064516129,0.4697090578707759
732909,236,224,0.049107142857142856,0.4988313682809313
732921,519,490,0.04081632653061224,0.6376802336069115
732975,1659,1590,0.03270440251572327,0.5917700122259725
733233,780,751,0.03595206391478029,0.695901781820415
733238,429,424,0.01179245283018868,0.5886780351425654
733241,360,352,0.022727272727272728,0.5578760867391074
733245,165,160,0.025,0.39199837624218553
733247,314,300,0.043333333333333335,0.9103119408542244
733252,298,293,0.013651877133105802,0.5853467713876948
733255,1938,1911,0.013605442176870748,0.7592557222498537
733277,276,267,0.033707865168539325,0.5222006383388704
733278,161,155,0.025806451612903226,0.5477550002095322
733283,310,298,0.03691275167785235,0.5065497205636359
733310,384,370,0.02702702702702703,0.6436090186079079
733338,297,285,0.028070175438596492,0.5239782771374075
733341,307,306,0.0032679738562091504,0.6167431375674568
733351,146,143,0.013986013986013986,0.42069080496709643
733360,116,114,0.017543859649122806,0.809621370245533
733450,286,279,0.021505376344086023,0.5003227865066154
733453,197,189,0.031746031746031744,0.5209746450863343
733502,395,380,0.031578947368421054,0.5768164343106087
733511,138,138,0.0,0.43904681478093993
733533,816,793,0.025220680958385876,0.6095671781117297
733535,407,396,0.025252525252525252,0.6005231984218766
733537,1351,1266,0.05766192733017378,0.657999363430741
733544,533,524,0.013358778625954198,0.6773197233808356
733545,535,503,0.05168986083499006,0.6048279007128171
733567,494,475,0.031578947368421054,0.6845013377474666
733575,483,458,0.039301310043668124,0.645774359519831
733579,432,420,0.023809523809523808,0.7236040657122815
733581,247,241,0.02074688796680498,0.5270485541990921
733592,169,164,0.024390243902439025,0.5967185515122774
733594,124,122,0.01639344262295082,0.3990497336647155
733673,312,307,0.013029315960912053,0.5432583242107363
733797,518,488,0.05737704918032787,0.7827748198747282
733860,491,475,0.02526315789473684,0.6689202543458945
733940,925,887,0.036076662908680945,0.6336523890108313
734013,251,247,0.016194331983805668,0.5359178492491097
734021,153,152,0.006578947368421052,0.4168333802229596
734055,93,88,0.056818181818181816,0.3023479199375426
734065,265,262,0.011450381679389313,0.5316120819683542
734082,649,622,0.04180064308681672,0.6556411098331447
734090,304,300,0.006666666666666667,0.46694037232167845
734125,1060,1018,0.03339882121807466,0.702636566201863
734127,187,178,0.05056179775280899,0.4651320099809649
734169,170,166,0.024096385542168676,0.39051280024819496
734172,120,118,0.01694915254237288,0.35134661581470295
734192,484,472,0.025423728813559324,0.6998941732413403
734227,256,248,0.028225806451612902,0.4554474043944513
734233,470,444,0.04504504504504504,0.6315539264473851
734246,640,607,0.032948929159802305,0.5717114826856541
734256,315,301,0.04318936877076412,0.6682227485080723
734258,450,428,0.04439252336448598,0.6356382257878594
734281,554,539,0.027829313543599257,0.7216085269801503
737159,479,468,0.019230769230769232,0.5898625314805247
737168,1805,1731,0.03466204506065858,0.6307298551007932
737177,1540,1466,0.04638472032742155,0.6595333581924921
737343,1380,1354,0.01624815361890694,0.5630290966445965
737357,1088,1056,0.026515151515151516,0.7079758039887739
737388,2188,2093,0.03965599617773531,0.6359960851300888
737397,217,213,0.014084507042253521,0.5707163003200483
753799,592,581,0.0189328743545611,0.6212941584178798
753803,703,678,0.029498525073746312,0.6224028075492156
754263,958,932,0.022532188841201718,0.596724713953214
776283,344,339,0.014749262536873156,0.5126784053252309
776287,418,413,0.012106537530266344,1.1877132430476949
777620,307,295,0.030508474576271188,0.5810569673440339
778374,57,57,0.0,0.24796446218312226
779363,710,665,0.058646616541353384,0.647294228955469
780116,176,170,0.023529411764705882,0.4080072226598704
780583,491,474,0.02531645569620253,0.638652821952632
780663,113,107,0.028037383177570093,0.415119585040427
780900,602,587,0.022146507666098807,0.7820927425987482
783341,438,428,0.02102803738317757,0.558471723606613
784344,687,682,0.007331378299120235,0.6479255335144143
784799,221,212,0.02830188679245283,0.5180796896570352
784899,1150,1104,0.03260869565217391,0.6505623809948748
784949,688,658,0.03343465045592705,0.5725485739465431
785680,462,451,0.022172949002217297,0.5430499800667888
789153,677,644,0.04192546583850932,0.6079030346732743
789337,385,366,0.040983606557377046,0.5949565823395201
795283,308,304,0.013157894736842105,0.5055955123984334
796277,221,216,0.023148148148148147,0.4631959206335038
796468,249,243,0.024691358024691357,0.5801918380582985
796521,1744,1631,0.0539546290619252,0.5927327280727962
796897,813,794,0.018891687657430732,0.6264792797505152
797051,296,293,0.010238907849829351,0.6147622468240223
797153,430,402,0.04477611940298507,0.5688565005903546
802561,263,259,0.015444015444015444,0.6016212799869511
803526,811,763,0.047182175622542594,0.6150567969314638
804199,87,87,0.0,0.3949457019242434
804653,179,162,0.06790123456790123,0.5079518066616381
804934,3,3,0.0,0.0
807103,89,82,0.07317073170731707,0.36359222178269923
809231,250,242,0.03305785123966942,0.5960005836005314
810024,460,455,0.01098901098901099,0.5779613923913655
811931,317,308,0.022727272727272728,0.5605929695192235
812769,400,384,0.018229166666666668,0.6072886768556096
812801,354,348,0.011494252873563218,0.5615159357587406
814119,316,308,0.01948051948051948,0.5642443466587573
815215,273,263,0.022813688212927757,0.5030003511768939
815603,83,81,0.024691358024691357,0.6973210690058513
815697,493,480,0.025,0.5974401592214735
816904,162,160,0.0125,0.4916341358836563
825556,364,354,0.025423728813559324,0.6239309374145099
844576,211,201,0.03980099502487562,0.5031883995791002
850304,768,739,0.03382949932341001,0.5820874129809799
866455,121,116,0.034482758620689655,0.3383141989589524
878484,663,639,0.03129890453834116,0.6453924044851149
887068,757,729,0.03429355281207133,0.636581870538224
911355,316,311,0.01607717041800643,0.6288899137639536
911399,688,662,0.0377643504531722,0.5951500474505398
928576,1167,1144,0.018356643356643356,0.7306614158804994
928581,463,456,0.013157894736842105,0.6446621976428762
929505,255,248,0.016129032258064516,0.5404053534610596
940329,490,479,0.018789144050104383,0.6800883242698103
940496,351,343,0.02040816326530612,0.530625379530033
941952,559,537,0.027932960893854747,0.6239897851020243
942154,529,504,0.041666666666666664,0.5915647957358127
943038,184,182,0.01098901098901099,0.41884989184886723
944633,481,463,0.02591792656587473,0.7218203280272868
948537,1120,1077,0.02692664809656453,0.5881399192735974
952591,2512,2439,0.026240262402624025,0.5800593265042766
953554,1135,1109,0.02254283137962128,0.6148934186571337
953619,545,526,0.03231939163498099,0.9655217788442457
953620,309,304,0.01644736842105263,0.5065416322214737
953714,381,364,0.03296703296703297,0.5386394159554111
953728,518,495,0.04040404040404041,0.5977703009737556
966194,117,106,0.08490566037735849,0.4676916253463613
966856,208,198,0.045454545454545456,0.6500476262351018
967477,248,233,0.04721030042918455,0.48562892233170796
968831,242,239,0.012552301255230125,0.5701913940143867
968931,735,716,0.0223463687150838,0.5811981152643764
968977,241,239,0.008368200836820083,0.49681472435736046
982674,215,212,0.014150943396226415,0.4663018257686927
983104,127,122,0.040983606557377046,0.5104648511758507
1006008,179,177,0.005649717514124294,0.485272256541205
1006016,235,232,0.01293103448275862,0.5828227035189061
1006144,639,628,0.01592356687898089,0.6094384608586876
1006775,189,183,0.0273224043715847,0.608292108146009
1006776,503,473,0.04439746300211417,0.6940294617329
1007175,802,778,0.02570694087403599,0.6050924384587862
1007854,1056,1048,0.007633587786259542,0.6090314608586549
1009434,126,126,0.0,0.3975068798641111
1010082,258,247,0.032388663967611336,0.5446091112146023
1010111,466,453,0.013245033112582781,0.5526602826577149
1010120,256,252,0.015873015873015872,0.5187553786296031
1010142,128,123,0.032520325203252036,0.42534960698354674
1013450,198,192,0.03125,0.49921691416311353
1013490,419,408,0.022058823529411766,0.577885618720325
1013694,684,668,0.019461077844311378,0.5734546072148772
1014039,122,122,0.0,0.37894868444199803
1014046,181,168,0.06547619047619048,0.47889284285622463
1014168,155,148,0.02702702702702703,0.45321298722926173
1014398,338,327,0.03363914373088685,0.543241144704657
1014404,334,327,0.01834862385321101,0.557131436500997
1014890,174,161,0.037267080745341616,0.5598784777141805
1014977,79,76,0.02631578947368421,0.40430973188797537
1015412,59,58,0.017241379310344827,0.31748798573472803
1015646,196,194,0.005154639175257732,0.4691555864119916
1015650,196,194,0.010309278350515464,0.6605843353049142
1015661,274,268,0.018656716417910446,0.4765736318702205
1015979,163,155,0.01935483870967742,0.5470641218152641
1016140,261,246,0.04065040650406504,0.6158096992925516
1016157,209,206,0.009708737864077669,0.5729697312012262
1016162,901,867,0.03229527104959631,0.6610065586106323
1016178,234,221,0.049773755656108594,0.4413520725924322
1016431,514,496,0.03024193548387097,0.5790209617259876
1016437,912,870,0.03218390804597701,0.766393017837165
1016482,381,370,0.02702702702702703,0.6029276214898167
1016670,762,749,0.012016021361815754,1.4361080135962825
1016852,509,488,0.03483606557377049,0.5742778571508225
1016879,666,589,0.0865874363327674,0.6378054234224646
1017266,233,227,0.022026431718061675,0.5021661208993573
1017330,290,284,0.02112676056338028,0.5592394818097036
1017374,337,329,0.0182370820668693,0.5533818644228996
1017383,276,273,0.01098901098901099,0.5242779345327345
1017384,196,192,0.015625,0.4860591644970087
1017393,496,488,0.01639344262295082,0.9739394273398164
1017618,602,588,0.022108843537414966,0.6593825313613506
1017635,335,325,0.03076923076923077,0.6019681246461979
1017654,1728,1641,0.044485070079219986,0.6237580320600816
1017662,403,392,0.02806122448979592,0.6479069080591199
1017663,659,574,0.08362369337979095,0.6103442917361893
1017699,219,215,0.018604651162790697,0.5301300850337337
1017703,378,356,0.047752808988764044,0.5873416122935383
1017726,308,300,0.02666666666666667,0.57768810486545
1018427,272,265,0.022641509433962263,0.5796483306188998
1018459,185,181,0.016574585635359115,0.44978886715071964
1018463,973,944,0.02754237288135593,0.6772188085696633
1018502,477,468,0.019230769230769232,0.5978028131583115
1018563,194,189,0.026455026455026454,0.6033794081845414
1018747,558,535,0.03177570093457944,0.6705826842871323
1018797,531,511,0.03131115459882583,0.6293290365483414
1018951,438,434,0.009216589861751152,0.6122528291677203
1018970,193,191,0.010471204188481676,0.7044661816826103
1019002,388,383,0.013054830287206266,0.5535945087469561
1019017,150,145,0.020689655172413793,0.4020955210902107
1019020,151,148,0.02027027027027027,0.4064985151300188
1019031,693,680,0.01911764705882353,0.6742323174679785
1019033,260,253,0.02766798418972332,0.5657055652704599
1019282,124,118,0.0423728813559322,0.6390669077061203
1019294,290,277,0.039711191335740074,0.6089728502615378
1019304,928,876,0.04452054794520548,0.6509269394553393
1019607,316,305,0.036065573770491806,0.6136259678481157
1019612,464,454,0.01762114537444934,0.5418434233112713
1019713,440,436,0.009174311926605505,0.5588720963750249
1019723,319,314,0.012738853503184714,0.562788643437741
1021827,544,525,0.03238095238095238,0.54866051268143
1021847,404,391,0.03324808184143223,0.615137652302887
1021848,700,682,0.026392961876832845,0.618210320198555
1021849,364,358,0.01675977653631285,0.5761284136950773
1023132,219,216,0.013888888888888888,0.4892039760486979
1023159,160,151,0.026490066225165563,0.5058841798463393
1026943,369,353,0.042492917847025496,0.5325819639895135
1027064,462,448,0.029017857142857144,0.5942455932652257
1043836,186,184,0.010869565217391304,0.4618610540251195
1043913,838,808,0.028465346534653466,0.688893465857616
1043914,916,908,0.00881057268722467,0.666569027972024
1043993,251,248,0.012096774193548387,0.5459359152582828
1044010,329,318,0.025157232704402517,0.6897589018162685
1044040,423,397,0.04534005037783375,0.5948806576183184
1044160,281,274,0.01824817518248175,0.6045925656943255
1044216,175,172,0.01744186046511628,0.5403676057425397
1044298,187,174,0.05747126436781609,0.8261944706119322
1044372,333,329,0.0121580547112462,0.5243623725145481
1044399,168,150,0.10666666666666667,1.1787725440535186
1044445,561,539,0.029684601113172542,0.5815156903912104
1044449,507,496,0.020161290322580645,0.5838172317085727
1044565,361,352,0.017045454545454544,0.6930813432282569
1044584,909,850,0.041176470588235294,0.5711049378922224
1044602,157,155,0.012903225806451613,0.41722833774437634
1044620,215,210,0.023809523809523808,0.5035773396154811
1044630,502,485,0.016494845360824743,0.719331860148637
1044651,325,320,0.015625,0.575632700859595
1044661,119,112,0.044642857142857144,0.8086999040840365
1044772,246,238,0.025210084033613446,0.6052949795741951
1044777,676,660,0.022727272727272728,0.6293252949403759
1044781,527,518,0.017374517374517374,0.7142691618084618
1054563,433,420,0.02619047619047619,0.6653984123273163
1055730,1,1,0.0,0.0
1057071,345,334,0.02694610778443114,0.543564353857762
1058867,227,219,0.0365296803652968,0.5328760274581238
1059325,323,310,0.041935483870967745,0.5640746141858058
1059594,213,208,0.019230769230769232,0.520273684127127
1059621,551,538,0.022304832713754646,0.5566828234475083
1064961,1753,1686,0.03262158956109134,0.5957391183807615
1071328,61,61,0.0,0.6994396522954929
1071986,287,281,0.021352313167259787,0.5815431853096977
1073524,87,78,0.07692307692307693,0.4237289051360656
1075911,323,298,0.06375838926174497,0.5500409701710582
1078760,688,673,0.017830609212481426,0.6117921545927578
1089621,106,97,0.05154639175257732,0.4736416261381191
1106756,517,500,0.022,0.7873975521120866
1113251,137,133,0.03007518796992481,0.43981218189740107
1113257,807,795,0.01509433962264151,0.6442786746051595
1119589,194,191,0.015706806282722512,0.46613116907019325
1122597,1060,1032,0.02616279069767442,0.4755552073380939
1123396,145,139,0.04316546762589928,0.47972747995847415
1125063,132,126,0.047619047619047616,0.4936722127641331
1125209,111,107,0.018691588785046728,0.3276946092083986
1127947,192,183,0.03278688524590164,0.5277534107435407
1128067,724,707,0.024045261669024046,0.5833056574939128
1128779,96,96,0.0,0.48752031376961946
1133841,491,485,0.012371134020618556,0.6616098832194259
1137197,1405,1317,0.05315110098709187,0.6336153394349119
1146674,863,824,0.04004854368932039,0.6072539873422222
1160304,194,194,0.0,0.4062777995253968
1163581,434,425,0.01647058823529412,0.6286962729160952
1177364,386,380,0.015789473684210527,0.5850323695412799
1178128,1038,1003,0.03290129611166501,0.7134928304770469
1180250,1308,1289,0.013964313421256789,0.6126797863950177
1184063,221,214,0.028037383177570093,0.5198104467497644
1200319,161,157,0.01910828025477707,0.44825510759789106
1202564,290,283,0.024734982332155476,0.5727483531942719
1205582,815,793,0.027742749054224466,0.5829561716457645
1205756,1217,1168,0.029965753424657533,0.5950116571446578
1211206,211,211,0.0,0.5198329137743676
1212924,1483,1457,0.017158544955387784,0.6672159169285318
1213167,1400,1343,0.0387192851824274,0.8358556194546414
1213351,248,240,0.03333333333333333,0.5256123380369262
1221366,595,577,0.029462738301559793,0.5463777929505489
1229320,876,845,0.03195266272189349,0.6084338201747143
1233703,1649,1558,0.043645699614890884,0.6073069049813274
1237584,732,702,0.03418803418803419,0.6090306111287817
1316106,284,274,0.0364963503649635,0.4971997713219162
1316208,94,92,0.021739130434782608,0.377584175188781
1316331,294,284,0.03169014084507042,0.7067617347154006
1316717,128,128,0.0,0.503416794934419
1317348,645,630,0.022222222222222223,0.6063855026371976
1317396,290,279,0.03225806451612903,0.5377530295028742
1351573,186,184,0.010869565217391304,0.4939825811102473
1367600,284,270,0.04814814814814815,0.5461707222629809
1367646,296,288,0.020833333333333332,0.5894081029770772
1367676,981,938,0.04157782515991471,0.6380951921911517
1367682,290,282,0.024822695035460994,0.5709808250000228
1367698,599,573,0.034904013961605584,0.5433747478008728
1367710,73,70,0.04285714285714286,0.2225019917056029
1380425,581,556,0.039568345323741004,0.6901486012099696
1380820,636,609,0.03776683087027915,0.6428735395920021
1380822,365,353,0.0339943342776204,0.6260888871037998
1381066,188,177,0.03954802259887006,0.40746878945514836
1381204,280,276,0.010869565217391304,0.5352007175500455
1381391,71,71,0.0,0.3570174820790769
1381783,385,374,0.02406417112299465,0.5696680955876279
1381895,311,306,0.016339869281045753,0.6419808776053124
1381942,665,627,0.04146730462519936,0.571404754885479
1381993,142,137,0.029197080291970802,0.43465116935332326
1381997,400,394,0.012690355329949238,0.54128921032715
1382002,1661,1564,0.046675191815856776,0.5528015045595569
1382014,235,226,0.03982300884955752,0.43327581116795966
1382719,240,237,0.012658227848101266,0.49741266051308913
1383609,668,651,0.02457757296466974,0.6807912051914207
1385603,458,449,0.015590200445434299,0.5513029097208025
1385617,432,420,0.023809523809523808,0.6707997734896761
1385619,153,151,0.006622516556291391,0.4455306617694066
1385638,171,169,0.011834319526627219,0.553530532903005
1385648,412,405,0.01728395061728395,0.7154338759766746
1385651,272,272,0.0,0.5594839759553949
1386569,225,223,0.008968609865470852,0.5759979660339664
1386570,674,651,0.027649769585253458,0.6629316995823843
1388950,809,790,0.020253164556962026,0.6706490620974664
1388951,917,874,0.04233409610983982,0.6190132377920518
1388953,136,133,0.022556390977443608,0.42726004639281673
1388956,226,223,0.013452914798206279,0.574135149114073
1389010,164,162,0.012345679012345678,0.43281254859958657
1389017,669,640,0.034375,0.6116207682496871
1389543,1529,1472,0.03192934782608696,0.7261207972509821
1389545,247,243,0.01646090534979424,0.5384979246857555
1389613,226,225,0.0044444444444444444,0.5305786885495246
1389688,248,237,0.0379746835443038,0.5481405157553357
1389696,316,306,0.029411764705882353,0.6805735176922699
1389702,657,639,0.023474178403755867,0.5563121146149438
1389705,193,183,0.04918032786885246,0.4476490996478646
1389710,661,640,0.0203125,0.6171580217577441
1389723,1389,1359,0.019867549668874173,0.8478922035683109
1389726,125,120,0.041666666666666664,0.7051089750291558
1389784,624,612,0.016339869281045753,0.6680551247001507
1390764,1004,986,0.015212981744421906,0.7477252124438056
1391395,55,55,0.0,0.4233067209660465
1391494,313,300,0.03666666666666667,0.5904985758789952
1395494,120,118,0.01694915254237288,0.33501260508640407
1404769,264,249,0.05220883534136546,0.5928636432310896
1408975,60,60,0.0,0.26595197437676055
1415601,832,811,0.02096177558569667,0.6167868716307743
1420214,184,180,0.016666666666666666,0.5300532380410429
1421055,185,179,0.01675977653631285,0.5566079109424644
1421098,686,670,0.023880597014925373,0.6444311288213075
1421189,921,906,0.01545253863134658,1.4484211782476968
1422071,333,325,0.021538461538461538,0.6767275480226427
1422087,169,167,0.011976047904191617,0.5484344747291742
1436487,457,445,0.024719101123595506,0.6072685280020013
1457059,89,88,0.011363636363636364,0.4935807768757985
1469156,416,407,0.0171990171990172,0.5551534797267791
1469158,739,718,0.025069637883008356,0.6238689778156606
1469445,186,185,0.005405405405405406,0.44637377764822717
1474971,248,232,0.05603448275862069,0.7563213922988206
1481009,241,233,0.02575107296137339,0.5190940931079587
1488087,318,310,0.016129032258064516,0.5333741757138578
1488297,201,197,0.02030456852791878,0.5423281580802328
1489506,377,366,0.030054644808743168,0.6367519301236229
1491952,246,238,0.029411764705882353,0.6643706192403119
1493586,460,439,0.022779043280182234,0.6008343922346058
1493949,209,198,0.045454545454545456,0.5120757059436519
1495284,189,179,0.0446927374301676,0.4538192584466165
1495364,386,382,0.010471204188481676,0.6068355572258012
1496937,496,490,0.012244897959183673,0.6804091377611368
1497359,805,789,0.016476552598225603,0.6533625769820343
1499193,577,566,0.014134275618374558,0.9166257153874436
1500418,247,230,0.06086956521739131,0.5902635626990844
1501230,165,162,0.018518518518518517,0.6536123885621217
1501242,859,826,0.031476997578692496,0.6195773055190901
1501595,723,711,0.015471167369901548,0.6116955614135874
1503621,137,132,0.03787878787878788,0.4857397340353627
1513401,248,243,0.01646090534979424,0.5962531170666994
1516414,402,396,0.012626262626262626,0.6289419123005217
1516578,360,348,0.02586206896551724,0.5601639505474291
1519855,273,258,0.03875968992248062,0.7078748655395595
1531976,271,265,0.022641509433962263,0.5713447587817513
1546789,327,317,0.028391167192429023,0.5888107715047575
1550869,607,593,0.023608768971332208,0.9644617966575655
1554178,550,524,0.03816793893129771,0.7788595408276688
1554184,35,35,0.0,0.2284597941674211
1571631,364,353,0.031161473087818695,0.5788660648017792
1571993,164,158,0.0379746835443038,0.4533771573297624
1576792,996,975,0.018461538461538463,0.7018406053243401
1587519,1380,1354,0.019202363367799114,0.6580087865897796
1587787,286,279,0.014336917562724014,0.4754154850937378
1605079,620,593,0.03035413153456998,0.5980677298497772
1633379,394,380,0.031578947368421054,0.5652655267502
1636659,77,75,0.02666666666666667,0.28899429856400644
1645696,707,684,0.027777777777777776,0.6831032415021262
1645957,1858,1758,0.040955631399317405,0.5915590207548316
1647790,935,901,0.03662597114317425,0.636656612446824
1649137,229,216,0.032407407407407406,0.49969053071931274
1650538,571,554,0.02888086642599278,0.6247720868346066
1650736,460,437,0.041189931350114416,0.610838382954473
1657322,779,748,0.03609625668449198,0.5202776417051412
1674921,259,254,0.015748031496062992,0.5228078950789599
1734132,93,90,0.03333333333333333,0.4759785791632517
1739082,219,200,0.065,0.4616955469684887
1744881,1788,1740,0.02471264367816092,0.5784092343488269
1746994,331,320,0.025,0.5421290670160593
1749471,276,266,0.03759398496240601,0.5082781579709238
1752016,661,643,0.024883359253499222,0.5550489406111108
1760742,284,279,0.010752688172043012,0.5509624863378898
1770199,75,72,0.027777777777777776,0.27756821282251665
1778712,436,430,0.013953488372093023,0.6983392920447122
1783725,237,237,0.0,0.5949532357755253
1785869,742,722,0.024930747922437674,0.6214758406738697
1788836,201,192,0.026041666666666668,0.44714956913803966
1791579,421,406,0.03201970443349754,0.6017347014439374
1792411,178,174,0.022988505747126436,0.4636379338057649
1799517,167,159,0.050314465408805034,0.5145956722917621
1801860,136,128,0.0546875,0.5907705992939215
1804325,1053,998,0.04408817635270541,0.5993026240429948
1806131,154,151,0.019867549668874173,0.5763704080968817
1817951,1075,958,0.08455114822546973,0.6002942014118082
1821729,186,181,0.027624309392265192,0.523386475470579
1836201,1156,1103,0.0371713508612874,0.6176628130595831
1837788,86,85,0.011764705882352941,0.5208471694574668
1841371,276,263,0.04182509505703422,0.548272312525111
1846794,832,802,0.032418952618453865,0.8116713968795316
1861210,184,182,0.01098901098901099,0.456102178333202
1863498,4164,4025,0.031801242236024846,0.6564891899871654
1865772,394,360,0.044444444444444446,0.7046094938965084
1867592,751,728,0.027472527472527472,0.6598419116789523
1874094,761,719,0.03616133518776078,0.6138309575260582
1898816,156,147,0.05442176870748299,0.45235919389744567
1900184,432,423,0.02127659574468085,0.692638563474234
1901493,304,299,0.013377926421404682,0.5751950584039252
1903212,692,649,0.046224961479198766,0.5967688403669004
1906560,286,267,0.052434456928838954,0.5313338357882602
1914350,25,25,0.0,0.41145502560454655
1917270,450,435,0.02528735632183908,0.6586537301582699
1917400,188,179,0.03910614525139665,0.7241307105429315
1917444,248,238,0.037815126050420166,0.5186821150554007
1918194,304,298,0.020134228187919462,0.5234698805686844
1928867,174,169,0.023668639053254437,0.5372272658980671
1928883,1000,975,0.022564102564102566,0.6678020344350353
1933576,239,233,0.02575107296137339,0.5131335212219981
1936737,72,72,0.0,0.3695062109419413
1937881,521,509,0.01768172888015717,0.5741439713284906
1940711,254,244,0.036885245901639344,0.5368788990410036
1945692,243,239,0.016736401673640166,0.48086596703101225
1948136,165,163,0.012269938650306749,0.6846039346944517
1948246,330,314,0.03821656050955414,0.5228432087260448
1964849,240,235,0.02127659574468085,0.7390684526527651
1964861,262,255,0.027450980392156862,0.8155837747308103
1965836,340,332,0.02108433734939759,0.5570012935414537
1967837,299,290,0.027586206896551724,0.6790518820549281
1976100,509,503,0.011928429423459244,0.6144084075104395
1986500,1846,1798,0.024471635150166853,0.6847754121218204
1986583,631,614,0.019543973941368076,0.6716861194814352
1989581,471,465,0.010752688172043012,0.5499602643291054
1989607,520,496,0.038306451612903226,0.5913416604211084
1989609,194,187,0.03208556149732621,0.48649597861770255
1989636,254,252,0.007936507936507936,0.5135310339248915
1989890,988,959,0.027111574556830033,0.7089731423520366
1989918,519,507,0.021696252465483234,0.5870219122496414
1989919,160,154,0.012987012987012988,0.43946863872889663
1991481,573,561,0.0196078431372549,0.608708318901748
1993511,848,812,0.03201970443349754,0.6697349431200919
2000067,1325,1309,0.012223071046600458,0.5805570911924645
2000077,267,262,0.019083969465648856,0.5680331369696164
2000082,293,278,0.050359712230215826,0.5604227554629713
2000083,519,508,0.01968503937007874,0.6131512135058211
2001431,210,194,0.061855670103092786,0.6250018896418902
2001464,204,202,0.009900990099009901,0.4536679260038752
2001771,252,239,0.02510460251046025,0.47067307863218233
2001791,342,332,0.030120481927710843,0.5068610346809294
2002917,127,125,0.016,0.445912853230926
2005321,150,149,0.006711409395973154,0.5284406849610692
2006403,621,604,0.026490066225165563,0.7644209514515926
2006413,41,41,0.0,0.2840878895879049
2006514,347,332,0.03313253012048193,0.7202713375197052
2006757,110,108,0.018518518518518517,0.3804352058128361
2008088,436,421,0.030878859857482184,0.6512935391850617
2008429,223,212,0.0330188679245283,0.9742683428390639
2008496,212,202,0.019801980198019802,0.5030355420131433
2008532,267,263,0.015209125475285171,0.6119226256138434
2008552,130,122,0.04918032786885246,0.3796561395429164
2008556,194,194,0.0,0.5198444925494582
2009271,174,162,0.04938271604938271,0.4303753973917169
2009281,215,208,0.03365384615384615,0.5325116621018884
2009294,344,329,0.03951367781155015,1.0079184527264757
2011019,350,340,0.020588235294117647,0.8124491853046872
2011025,366,360,0.016666666666666666,0.5832080975354386
2011728,383,375,0.021333333333333333,0.7060604729663157
2012103,57,57,0.0,0.5683014228180618
2012274,285,273,0.040293040293040296,0.6493560510302043
2012288,661,634,0.03470031545741325,0.7668294700628119
2012290,566,553,0.023508137432188065,0.7930115298986271
2012798,360,354,0.01694915254237288,1.0641772976240405
2013693,129,121,0.04132231404958678,0.41098207929444525
2013731,118,115,0.02608695652173913,0.465711070381595
2013914,952,905,0.03867403314917127,0.5918098371733846
2014299,234,226,0.02654867256637168,1.1317743027503602
2014345,266,251,0.05179282868525897,0.6340615527215437
2014346,169,167,0.011976047904191617,0.5515307282660784
2014422,246,235,0.03404255319148936,0.6566611233823537
2014544,199,196,0.015306122448979591,0.5463154849929954
2014574,516,509,0.009823182711198428,1.189235111924134
2015663,452,437,0.029748283752860413,0.6937327884956442
2019217,253,247,0.016194331983805668,0.5244622287781451
2036992,389,377,0.03183023872679045,0.5901755048467828
2038485,887,861,0.025551684088269456,0.5707074707709471
2039000,1935,1869,0.03210272873194221,0.5516163214186698
2044154,526,508,0.031496062992125984,0.5744086907000502
2051778,299,291,0.027491408934707903,0.5450620814116807
2058878,254,252,0.007936507936507936,0.5491407383171658
2059595,217,205,0.03902439024390244,0.5098044566041541
2064495,266,255,0.03529411764705882,0.5475489985182423
2064530,319,314,0.012738853503184714,0.5715339831760646
2073680,246,241,0.016597510373443983,0.5695873766782625
2074032,181,177,0.022598870056497175,0.4378209785199196
2082878,308,298,0.026845637583892617,0.5180642964924819
2086898,306,302,0.009933774834437087,0.7110018048918514
2089099,921,899,0.02224694104560623,0.7527638641253482
2089112,254,237,0.05907172995780591,0.6080500600313866
2095838,2209,2100,0.04523809523809524,0.4925694097865125
2104410,845,831,0.012033694344163659,0.6105072544136546
2108741,87,84,0.03571428571428571,0.34069554961007564
2140493,581,565,0.021238938053097345,0.6676348477673253
2144114,158,156,0.00641025641025641,0.5800465650228956
2144126,790,748,0.045454545454545456,0.5410105320798421
2148631,536,515,0.03300970873786408,0.5913993058901847
2153036,91,86,0.023255813953488372,0.3729434252369356
2154460,456,451,0.011086474501108648,0.8079867910131617
2158627,697,683,0.020497803806734993,0.5876905982938495
2162727,154,149,0.03355704697986577,0.5287473999900829
2164836,1163,1102,0.0499092558983666,0.5794720634449143
2165221,1161,1069,0.07296538821328344,0.6421586131858746
2169900,181,179,0.0111731843575419,0.5019712451396786
2173394,118,113,0.035398230088495575,0.37943647516574014
2173419,347,330,0.048484848484848485,0.5817246604582681
2174073,100,99,0.010101010101010102,0.3565294560229887
2176042,290,284,0.02112676056338028,0.5683901470313668
2181169,94,93,0.010752688172043012,0.3658120309008927
2184577,378,371,0.018867924528301886,0.5647841656022655
2184987,504,492,0.024390243902439025,0.6144904240531062
2187326,441,434,0.013824884792626729,0.6674231851824018
2188441,445,439,0.011389521640091117,0.6632140196449259
2188446,311,308,0.00974025974025974,0.7356684392668797
2188463,587,566,0.0353356890459364,0.62099560973699
2190331,328,319,0.0219435736677116,0.65623762976269
2194413,473,459,0.030501089324618737,0.562757557948441
2198638,595,560,0.048214285714285716,0.5722870040792098
2199230,182,178,0.02247191011235955,0.532476615528023
2204318,321,314,0.01910828025477707,0.5785560425000575
2213156,391,382,0.020942408376963352,0.6431482215759553
2216518,288,273,0.02564102564102564,0.594080270046011
2218653,435,421,0.028503562945368172,0.601232028356767
2218703,1276,1239,0.025020177562550445,0.6364716158156287
2223860,556,535,0.03551401869158879,0.897078562528625
2233585,242,241,0.004149377593360996,0.7045773800404015
2239923,231,218,0.05963302752293578,0.778700916155357
2241866,409,375,0.06666666666666667,0.6302399656247344
2244333,420,399,0.03258145363408521,0.6734384072606684
2253670,204,200,0.02,0.552102271542282
2253769,292,274,0.05474452554744526,0.5393184913280055
2256065,200,188,0.05851063829787234,0.4594189093471603
2256991,497,487,0.018480492813141684,0.662982375009007
2256999,176,170,0.03529411764705882,0.4500703581509956
2257009,166,157,0.03184713375796178,0.4461719751497984
2257012,413,397,0.04030226700251889,0.6041342857486786
2257015,81,81,0.0,0.43721424714904994
2277273,912,882,0.030612244897959183,0.6165320246562933
2297973,498,488,0.020491803278688523,0.6625894784827474
2297992,479,464,0.032327586206896554,0.5658966970245614
2298216,685,642,0.04984423676012461,0.5846152925162527
2302156,164,163,0.006134969325153374,0.4208443147369909
2303589,194,184,0.043478260869565216,0.48337281012884464
2306888,225,222,0.013513513513513514,0.6060070263731256
2307647,335,324,0.030864197530864196,0.592855028092709
2313972,809,784,0.025510204081632654,0.6785309159510632
2316594,306,299,0.020066889632107024,0.5091200163815539
2317458,200,196,0.02040816326530612,0.5677193524602581
2318282,203,199,0.020100502512562814,0.8051088576960667
2326318,101,99,0.020202020202020204,0.3600949384057016
2326944,283,277,0.018050541516245487,0.5847822689570433
2329040,223,220,0.013636363636363636,0.6037396162146556
2332349,518,490,0.04897959183673469,0.598271434705398
2338441,186,185,0.005405405405405406,0.5809565977061576
2340353,1796,1731,0.029462738301559793,0.49665180521765145
2347681,157,155,0.012903225806451613,0.5055682275381627
2348614,233,222,0.02252252252252252,0.4842385499491085
2348724,459,455,0.008791208791208791,0.6450513343470463
2349687,222,210,0.047619047619047616,0.480779554018078
2352488,395,390,0.01282051282051282,0.6154737196819263
2355717,84,80,0.025,0.3216799821603435
2359208,311,281,0.06761565836298933,0.5594148967887235
2361055,230,216,0.05555555555555555,0.5269170256262935
2365069,239,234,0.021367521367521368,0.7156935134065734
2365783,391,378,0.0291005291005291,0.6574799199278156
2365948,296,263,0.07984790874524715,0.5449819497601806
2368799,278,271,0.025830258302583026,0.5644599815988157
2371412,1150,1137,0.011433597185576077,1.3942556055474988
2371739,190,183,0.03825136612021858,0.5642128702786878
2371856,402,390,0.028205128205128206,0.5582036655839321
2373977,321,312,0.02564102564102564,0.5577437401433729
2374067,386,381,0.013123359580052493,0.5500330991961457
2385796,80,79,0.012658227848101266,0.4735417650838082
2389743,229,225,0.017777777777777778,0.8437782607027094
2390185,874,850,0.024705882352941175,0.5565661366206057
2390490,296,289,0.020761245674740483,0.5932030047654663
2405481,53,52,0.019230769230769232,0.27958576137833985
2405494,174,165,0.048484848484848485,0.4655609931665404
2410351,184,170,0.047058823529411764,0.473764239621909
2410698,152,146,0.0410958904109589,0.5152540399295448
2411234,1675,1636,0.022616136919315404,0.5310311111656685
2414962,768,754,0.01856763925729443,0.6313801138425184
2420280,336,333,0.009009009009009009,0.6537949378428419
2421753,372,349,0.05157593123209169,0.7955830977521036
2423568,278,272,0.01838235294117647,0.5757597964229973
2423575,142,139,0.02158273381294964,0.40979830112066157
2429542,512,489,0.03885480572597137,0.5676053919390601
2430068,460,441,0.034013605442176874,0.6340438457434763
2433450,569,553,0.019891500904159132,0.5911633373144298
2434265,2434,2275,0.056263736263736264,0.43315128764228245
2441081,138,133,0.03759398496240601,0.6288269562933021
2441656,1375,1341,0.019388516032811335,0.532826746835503
2442758,458,443,0.02708803611738149,0.6612101697985125
2443548,108,105,0.02857142857142857,0.36556616433220745
2445174,462,449,0.026726057906458798,0.6976856160965883
2445176,996,984,0.011178861788617886,0.6068243020291362
2456325,208,204,0.0196078431372549,0.4582152391359177
2458138,122,120,0.008333333333333333,0.4170746742107136
2459949,197,194,0.015463917525773196,0.5572538008741552
2464192,176,171,0.023391812865497075,0.4653686391733153
2468128,214,206,0.02912621359223301,0.5318047957576506
2468728,458,449,0.017817371937639197,0.6430994912411406
2468914,619,597,0.03350083752093802,0.6244393718691894
2470775,526,512,0.021484375,0.6193092426457378
2470813,781,760,0.019736842105263157,0.6531591019310327
2471152,502,480,0.03333333333333333,0.5769365187798269
2475842,132,128,0.03125,0.540648684854566
2476295,151,149,0.013422818791946308,0.6373976856675931
2477885,1093,1046,0.040152963671128104,0.5915098062576485
2479174,356,333,0.05105105105105105,0.5716570660627792
2484466,350,344,0.01744186046511628,0.5751810968341697
2488909,193,185,0.02702702702702703,0.5450551629281092
2490203,852,833,0.022809123649459785,0.780197306548473
2490522,521,511,0.015655577299412915,0.7130132575176361
2491372,280,275,0.01818181818181818,0.5273286223982689
2507902,76,72,0.05555555555555555,0.4791536742836382
2507984,50,47,0.06382978723404255,0.5043401375648922
2509966,79,78,0.01282051282051282,0.4267835427930174
2514257,238,230,0.02608695652173913,0.5090193504211512
2519129,249,241,0.024896265560165973,0.5253545906923226
2520599,132,129,0.015503875968992248,0.39934508244030936
2523465,210,202,0.039603960396039604,0.53000357554215
2535399,375,358,0.0335195530726257,0.541546474577191
2538740,165,161,0.024844720496894408,0.5899286029223519
2542370,194,181,0.06077348066298342,0.5841789128627496
2555408,185,170,0.047058823529411764,0.5507551786095969
2558058,330,312,0.05448717948717949,0.6617380539842033
2560681,450,446,0.008968609865470852,0.5808712870223555
2561810,142,139,0.014388489208633094,0.5139517298649797
2569353,224,216,0.037037037037037035,0.6240684547148757
2569482,402,392,0.02040816326530612,0.5639910358216229
2570369,723,714,0.012605042016806723,0.670545535666411
2587004,428,410,0.03902439024390244,0.5380255720422532
2587100,208,204,0.0196078431372549,0.5120769835506359
2603057,203,196,0.030612244897959183,0.5229359932682224
2614267,106,98,0.061224489795918366,0.35523995698185984
2616763,134,131,0.022900763358778626,0.51656648676538
2625372,537,517,0.029013539651837523,0.5747901886980846
2625702,98,93,0.043010752688172046,0.4494724989788503
2626185,409,375,0.06666666666666667,0.5717080280650592
2626827,349,340,0.020588235294117647,0.574066140709347
2626990,1192,1160,0.026724137931034484,0.4916998865738964
2627296,304,291,0.037800687285223365,0.588335108350949
2628404,188,183,0.0273224043715847,0.5914299140074393
2633495,109,103,0.02912621359223301,0.4076841332831268
2641744,368,332,0.06927710843373494,0.7312947568157825
2652274,84,81,0.037037037037037035,0.46444728927382645
2662612,484,468,0.03418803418803419,0.6157047158748354
2663600,207,195,0.046153846153846156,0.5567761909613962
2666060,221,217,0.018433179723502304,0.49322809646767785
2666294,128,127,0.007874015748031496,0.44029866572482645
2667074,469,464,0.008620689655172414,0.6172562897944303
2690538,1158,1137,0.0158311345646438,0.5963611094028088
2693579,608,603,0.006633499170812604,1.087251618435766
2697963,159,158,0.006329113924050633,0.40318419335339145
2704273,235,234,0.004273504273504274,0.4892679189848306
2704738,528,514,0.02529182879377432,0.6274440689298119
2706182,367,351,0.042735042735042736,0.6305309295195908
2711744,254,254,0.0,0.501994586228965
2719908,935,909,0.0242024202420242,0.6296108207560207
2720705,114,108,0.037037037037037035,0.36865159175211015
3135249,276,273,0.01098901098901099,0.625795154973789
3135915,269,263,0.022813688212927757,0.561255229995171
3156322,364,355,0.011267605633802818,0.5741034611935747
3157909,655,627,0.03827751196172249,0.6440888014231176
3160154,256,249,0.028112449799196786,0.5744729710824612
3162675,201,196,0.025510204081632654,0.5282337651171667
3165105,382,371,0.0215633423180593,0.665121592147253
3169695,287,283,0.01060070671378092,0.5659182629129056
3172658,289,278,0.03597122302158273,0.5587443085172084
3174912,285,277,0.02888086642599278,0.5464609802167619
3179221,131,124,0.03225806451612903,0.37047052797381486
3205828,324,318,0.018867924528301886,0.5374263184263007
3206568,1351,1300,0.027692307692307693,1.006049624045898
3208695,506,494,0.016194331983805668,0.62109764124263
3224508,572,558,0.025089605734767026,0.5829921307545796
3236017,625,608,0.027960526315789474,0.6334154109119454
3243135,107,105,0.01904761904761905,0.49012012530754173
3243623,54,52,0.038461538461538464,0.29708327323697414
3248999,174,166,0.03614457831325301,0.4773191697038747
3253550,236,212,0.05660377358490566,0.5876935728660602
3254595,3819,3567,0.054667788057190914,0.38652025176439986
3257713,669,635,0.04094488188976378,0.5449172381497313
3268027,388,371,0.04043126684636118,0.6005811028176581
3296245,362,346,0.04046242774566474,0.549640604350988
3296360,448,440,0.01818181818181818,0.5852740222008175
3296991,238,235,0.00851063829787234,0.526063947154829
3308095,304,299,0.016722408026755852,0.5721592255368114
3314907,120,115,0.017391304347826087,0.4206736171128771
3320289,440,428,0.02336448598130841,0.5923931995498299
3324188,105,102,0.029411764705882353,0.3327714397764926
3329636,307,301,0.019933554817275746,0.5428350593184753
3331078,148,147,0.006802721088435374,0.44283349795641885
3337211,304,290,0.03793103448275862,0.6361535245350449
3337318,483,477,0.012578616352201259,0.6351578435681271
3339988,118,108,0.09259259259259259,0.4749179798143113
3343549,71,70,0.014285714285714285,0.5659205999639056
3348311,235,227,0.03524229074889868,0.5174356101811772
3356862,336,323,0.030959752321981424,0.5262629246708409
3358142,382,361,0.04986149584487535,0.6415883133791369
3359779,803,783,0.02554278416347382,0.6667527977209814
3369127,140,139,0.007194244604316547,0.5017739683767166
3370269,837,816,0.022058823529411766,0.5843621248394085
3370922,373,371,0.0026954177897574125,0.5915911945154974
3377005,85,85,0.0,0.3118186747261123
3380704,186,183,0.01639344262295082,0.49182154191995436
3381005,172,166,0.03614457831325301,0.576343290834332
3386306,1067,1049,0.017159199237368923,0.6099444128202693
3386941,244,236,0.029661016949152543,0.5799231014086552
3388616,394,385,0.023376623376623377,0.5262240140081264
3389685,250,237,0.04219409282700422,0.46817408807428246
3393276,819,803,0.0186799501867995,0.6024604336614332
3407421,696,692,0.004335260115606936,0.6510707124581613
3419094,250,236,0.05084745762711865,0.4844699842551361
3419174,82,82,0.0,0.3551515880718572
3419712,520,484,0.05165289256198347,0.6911448179797703
3421937,87,86,0.011627906976744186,0.33263347501256213
3426619,323,315,0.022222222222222223,0.6644507331815576
3437156,933,919,0.014145810663764961,0.5597482884896574
3438194,76,72,0.05555555555555555,0.40546104760691926
3438280,1205,1186,0.01517706576728499,0.4736938359424158
3450722,338,327,0.027522935779816515,0.6385861903130751
3452407,983,966,0.016563146997929608,0.5973455690001735
3459149,165,156,0.038461538461538464,0.5751181622427383
3459539,1789,1690,0.046153846153846156,0.5138028338439963
3461228,522,501,0.03792415169660679,1.0257295805904398
3468435,2217,2169,0.016597510373443983,0.47571596062885896
3477816,261,261,0.0,0.5042313120022262
3485788,441,436,0.009174311926605505,0.6098893335282952
3486137,1257,1188,0.046296296296296294,0.5562647827896843
3490463,453,434,0.03456221198156682,0.5944205635926013
3493830,997,969,0.026831785345717233,0.6301079118202693
3498461,439,429,0.023310023310023312,0.5588248811215071
3507831,1062,1043,0.01725790987535954,0.5681493661678934
3507851,253,242,0.0371900826446281,0.6258312841643091
3507853,264,259,0.019305019305019305,0.5196636576669171
3514061,856,829,0.030156815440289506,0.7265870298975483
3515065,465,450,0.024444444444444446,0.8347593438514318
3526627,132,126,0.047619047619047616,0.4490180800276356
3528769,185,178,0.033707865168539325,0.57507010402512
3531043,273,254,0.05511811023622047,0.6076102836093711
3532819,351,339,0.011799410029498525,0.6930317168485248
3532997,195,189,0.026455026455026454,0.5372694322381499
3533651,762,726,0.03856749311294766,0.5903528156284453
3533832,416,404,0.0297029702970297,0.6509999168854129
3534237,717,678,0.04129793510324484,0.5638806581439573
3542753,159,151,0.039735099337748346,0.4670924378326374
3543155,274,268,0.022388059701492536,0.6219709183439259
3544066,127,122,0.01639344262295082,0.44600639453471624
3570597,261,253,0.03162055335968379,0.5659150943805199
3581389,101,98,0.030612244897959183,0.4114960356481955
3598439,157,151,0.026490066225165563,0.48381166633433886
3598839,872,854,0.01990632318501171,0.40264655549122974
3599696,184,178,0.02247191011235955,0.5104102538613462
3599763,606,584,0.02910958904109589,0.6742676898487632
3599802,904,878,0.02619589977220957,0.8300021460569643
3600234,179,172,0.040697674418604654,0.46054987970663147
3600820,194,189,0.021164021164021163,0.48742689274579226
3601479,266,260,0.023076923076923078,0.6390450895518028
3602060,2539,2483,0.02053966975432944,0.5962468097541177
3605258,269,250,0.06,0.5706403914778324
3608556,257,250,0.02,0.6427055202145431
3628450,116,113,0.02654867256637168,0.3994083526357901
3628692,463,444,0.036036036036036036,0.6264711657377191
3628730,418,405,0.024691358024691357,0.6372347410519519
3636189,1173,1136,0.030809859154929578,0.501099054009294
3638068,1625,1561,0.03010890454836643,0.6371857322492537
3639543,817,801,0.017478152309612985,0.6131065330927751
3640498,47,47,0.0,0.3531921145917025
3642599,208,204,0.014705882352941176,0.7011286313927143
3647079,245,241,0.016597510373443983,0.5790030647634622
3663396,301,292,0.02054794520547945,0.60957982269893
3664076,153,148,0.033783783783783786,0.4993302284183664
3669034,158,156,0.01282051282051282,0.5574358223666299
3674055,313,308,0.016233766233766232,0.6065590101837194
3677102,528,526,0.0038022813688212928,0.6136914495697143
3681920,181,177,0.01694915254237288,0.5334956058835024
3683998,564,546,0.031135531135531136,0.6634416719697077
3685024,161,159,0.012578616352201259,0.5228901877405602
3687467,356,342,0.029239766081871343,0.5571272408332357
3693225,363,349,0.03151862464183381,0.6577235088967368
3696403,955,944,0.01059322033898305,0.5126812358985867
3702346,319,317,0.006309148264984227,0.5939722156402945
3710291,174,168,0.03571428571428571,0.508858721127616
3720830,157,151,0.033112582781456956,0.6052572778388622
3730569,156,152,0.02631578947368421,0.49741444990526124
3731732,780,743,0.03633916554508748,0.6340020322361329
3738303,159,156,0.019230769230769232,0.6527128936765189
3741202,1668,1639,0.01525320317266626,0.5191165389230752
3765760,316,296,0.05067567567567568,0.5429236869889853
3784979,558,548,0.014598540145985401,0.6474319806122559
3806272,257,244,0.028688524590163935,0.6231192374855768
3814219,357,348,0.02586206896551724,0.6630303739233434
3815171,70,69,0.014492753623188406,0.33107846294757226
3823116,516,499,0.03006012024048096,0.6060593443620848
3832761,50,43,0.11627906976744186,0.42460885874747045
3834264,87,82,0.06097560975609756,0.582465828225169
3839096,482,472,0.0211864406779661,0.6001064414191442
3840661,195,188,0.026595744680851064,0.53016848712818
3845095,91,90,0.011111111111111112,0.4410258148748551
3845792,246,235,0.04680851063829787,0.5858355115557521
3846295,98,98,0.0,0.4158398015158979
3850113,243,243,0.0,0.5113903533326423
3853498,670,646,0.030959752321981424,0.604816121696745
3853609,950,921,0.03040173724212812,0.5574570166119075
3862645,286,281,0.017793594306049824,0.6251578769415701
3869685,187,177,0.04519774011299435,0.5399821350530877
3870327,208,203,0.019704433497536946,0.6231564482353551
3896790,1174,1148,0.020905923344947737,0.38592199702478486
3916918,219,201,0.05970149253731343,0.5216061825505626
3928905,221,219,0.0091324200913242,0.52779430600988
3930775,283,281,0.0071174377224199285,0.567315003720306
3932437,338,328,0.024390243902439025,0.5813131214492662
3943898,263,255,0.03137254901960784,0.5794935034284944
3953732,182,180,0.011111111111111112,0.609194106793975
3954108,99,98,0.01020408163265306,0.4311335646717218
3963036,822,805,0.018633540372670808,0.571393908038687
3965968,192,191,0.005235602094240838,0.4987896874068012
3971257,618,589,0.044142614601018676,0.769002616211801
3976069,109,107,0.018691588785046728,0.4265947691724686
3977933,159,158,0.006329113924050633,0.47648344532867787
3981666,948,913,0.03176341730558598,0.5295311823210765
3982765,137,135,0.014814814814814815,0.39434866458595985
3982877,94,93,0.010752688172043012,0.43688142411092756
4002133,680,646,0.03869969040247678,0.5779188072586418
4014094,66,64,0.03125,0.3998497088055157
4028625,449,444,0.01126126126126126,0.5478967735702975
4041021,265,258,0.027131782945736434,0.5883748452185669
4041617,412,403,0.022332506203473945,0.5298248461739138
4047852,140,137,0.021897810218978103,0.519345152817567
4053658,231,228,0.013157894736842105,0.5711174798779785
4056276,209,196,0.05612244897959184,0.5238000841540277
4063226,158,153,0.032679738562091505,0.6286844223969446
4080917,1002,975,0.021538461538461538,0.44466495617268326
4085143,1174,1133,0.03089143865842895,0.5527305045469104
4086680,633,621,0.017713365539452495,0.5487691351052859
4086962,287,276,0.036231884057971016,0.6523464612361433
4090927,690,680,0.014705882352941176,0.5946612616355919
4091821,198,192,0.03125,0.5495677206800974
4097272,1463,1380,0.04855072463768116,0.4952672991274422
4098078,505,499,0.012024048096192385,0.5540542286790467
4101794,111,109,0.01834862385321101,0.3794799189283587
4107793,139,137,0.014598540145985401,0.4254535201474948
4154575,359,346,0.03757225433526012,0.7652716754419572
4177785,253,233,0.05150214592274678,0.7129925871811578
4213238,185,183,0.01092896174863388,0.48494892157589004
4229727,514,501,0.01996007984031936,0.6079804653882193
4238783,252,248,0.016129032258064516,0.5590560502511873
4242819,313,303,0.0297029702970297,0.6346545806065806
4288390,693,663,0.033182503770739065,0.6513093982934338
4291786,89,87,0.022988505747126436,0.5140670375607441
4292434,271,265,0.022641509433962263,0.5579332058899397
4293078,340,331,0.021148036253776436,0.7025145447181335
4295510,370,367,0.008174386920980926,0.5909228124189043
4295544,3367,3255,0.030414746543778803,0.42507090206697923
4304428,57,53,0.07547169811320754,0.3417406964367985
4309137,266,262,0.015267175572519083,0.5456463487607418
4310037,119,116,0.02586206896551724,0.4782903366499937
4311625,143,143,0.0,0.6082634109092827
4326770,83,83,0.0,0.3379464977736775
4334826,186,181,0.022099447513812154,0.5715292865151449
4342080,129,121,0.05785123966942149,0.4444055684447724
4346684,530,522,0.01532567049808429,0.41924897539862804
4358655,227,221,0.027149321266968326,0.48640532873765424
4374741,203,194,0.041237113402061855,0.686442893400838
4375504,218,213,0.023474178403755867,0.4498616470660685
4403888,279,276,0.010869565217391304,0.6377363321062038
4424544,176,170,0.029411764705882353,0.5061548982900204
4460375,560,545,0.022018348623853212,0.5475667853378957
4465733,76,72,0.041666666666666664,0.47835175998302226
4471885,163,162,0.006172839506172839,0.5989148505747247
4472496,573,560,0.019642857142857142,0.5996830351315555
4505548,40,40,0.0,0.2559703758901278
4547166,598,572,0.04195804195804196,0.6421760861659006
4548040,25,25,0.0,0.0
4559596,213,204,0.0392156862745098,0.6288432969123113
4562632,504,497,0.012072434607645875,0.5397545394880371
4565320,287,282,0.01773049645390071,0.6112855597653443
4570741,232,229,0.013100436681222707,0.575079462424711
4593408,138,135,0.022222222222222223,0.45434262530828284
4606668,47,46,0.021739130434782608,0.4410013252871069
4675388,148,145,0.020689655172413793,0.5029030762074118
4685955,284,278,0.017985611510791366,0.5397318527495352
4697744,127,115,0.09565217391304348,0.47282096359422615
4702650,144,142,0.014084507042253521,0.438495841326102
4724966,363,358,0.013966480446927373,0.5558816824913954
4737361,111,107,0.028037383177570093,0.42578166549334956
4739451,83,82,0.012195121951219513,0.4021059605676252
4745174,862,847,0.015348288075560802,0.5593868873032344
4746114,104,103,0.009708737864077669,0.4085683141150093
4750437,284,282,0.0070921985815602835,1.154343080760619
4754532,165,158,0.0379746835443038,0.717633597177543
4771896,122,122,0.0,0.4327190623190811
4776534,669,659,0.013657056145675266,0.5312733263356817
4794818,94,94,0.0,0.4681428412097642
4794967,185,183,0.01092896174863388,0.5460589697813119
4867760,892,866,0.026558891454965358,0.5312854830649044
4893650,150,147,0.02040816326530612,0.4839739344538807
4910311,46,45,0.022222222222222223,0.4407798934998711
4910537,116,116,0.0,1.8804396337219946
4911765,116,113,0.02654867256637168,0.7932222415853005
4912516,513,494,0.032388663967611336,0.5836685050363922
4913161,55,54,0.018518518518518517,0.31127909030174533
4925053,96,90,0.06666666666666667,0.5797142507803913
4925531,69,68,0.014705882352941176,0.41825628868809367
4925730,120,117,0.02564102564102564,0.48696941194872906
4929050,337,326,0.024539877300613498,0.5922489288451618
4976301,182,166,0.07228915662650602,0.49198608567264507
4981784,1237,1206,0.024875621890547265,0.5038504090586441
5000053,228,218,0.04128440366972477,0.8595475114369725
5003314,265,260,0.015384615384615385,0.6450872292416441
5121709,99,97,0.020618556701030927,0.37550053231996827
5122014,922,899,0.02335928809788654,0.4932527972475358
5122093,89,89,0.0,0.37844344229902765
5122664,46,45,0.022222222222222223,0.44077989349987107
5122723,111,111,0.0,0.4955241596950547
5122848,61,61,0.0,0.41531962180253396
5124776,111,107,0.037383177570093455,0.5239377319712901
5220316,118,116,0.017241379310344827,0.4223102431388435
5234147,421,407,0.02702702702702703,0.5570666317499655
5243195,265,252,0.031746031746031744,0.5217328990220814
5244240,333,329,0.0121580547112462,0.49412664635725423
5247729,169,167,0.011976047904191617,0.5031871241126391
5262782,177,172,0.01744186046511628,0.52187479298619
5264070,1666,1622,0.02404438964241677,0.4084261538210917
5264266,163,162,0.006172839506172839,0.74711927951844
5281504,235,228,0.03070175438596491,0.5828536618171615
5292714,167,164,0.018292682926829267,2.539361647395785
5294217,121,115,0.05217391304347826,0.5774150496557229
5426258,819,795,0.027672955974842768,0.5395246434513477
5433381,80,78,0.01282051282051282,0.46969588473599716
5433643,91,89,0.02247191011235955,0.3982268749826223
5439629,62,61,0.01639344262295082,0.28189125725977515
5439908,173,171,0.011695906432748537,0.5311020451728652
5442857,156,155,0.0064516129032258064,0.5521362931135458
5443573,493,477,0.031446540880503145,0.6126764076986708
5448194,85,83,0.024096385542168676,0.988458819797224
5489412,366,358,0.0223463687150838,0.6037567588833489
5508289,233,229,0.017467248908296942,0.6209519631538277
5517470,647,614,0.04560260586319218,0.4899645227110678
5521094,790,771,0.020752269779507133,0.5035240608432275
5532356,1229,1193,0.02933780385582565,0.5127255479924925
5544575,116,115,0.008695652173913044,0.48950821901423436
5558677,77,75,0.02666666666666667,0.711476174659024
5565123,95,94,0.010638297872340425,0.6889986006958446
5768921,6,6,0.0,0.0
5775323,666,626,0.039936102236421724,0.5798301147998333
5776914,514,508,0.00984251968503937,0.6064499118281158
5778563,43,43,0.0,0.3658735396358775
5783481,714,701,0.017118402282453638,0.5472149927474121
5784898,172,164,0.042682926829268296,0.5884021225013575
5814601,184,182,0.01098901098901099,0.6160929286826503
5815382,61,60,0.016666666666666666,0.41531962180253396
5815702,678,659,0.025796661608497723,0.5633287109600338
5816427,148,144,0.027777777777777776,0.5390053759675437
5816604,367,358,0.0223463687150838,0.688174901577799
5816673,58,55,0.01818181818181818,0.38014315298077556
5856902,309,294,0.05102040816326531,0.7353314706271715
5861005,88,86,0.023255813953488372,0.3596252940057999
5871083,312,303,0.026402640264026403,0.5846408853876572
5888154,405,403,0.004962779156327543,0.7084328951201254
5894069,94,88,0.045454545454545456,0.5764896290366028
5895622,405,397,0.017632241813602016,0.5339687651483025
5929722,155,155,0.0,0.4165951488599572
5953939,94,94,0.0,0.5209791671623341
5961361,129,127,0.015748031496062992,0.4735387569812485
5967116,281,266,0.03759398496240601,0.5897205983170742
5980976,472,466,0.012875536480686695,0.5791637984735456
5986695,164,160,0.01875,0.4578339445850757
5992727,145,141,0.028368794326241134,0.5246849167481614
6016189,83,81,0.024691358024691357,0.4037998585149352
6033544,315,306,0.026143790849673203,0.6134465033536782
6109797,150,145,0.034482758620689655,0.5955314332518656
6127023,70,69,0.014492753623188406,0.407652741947718
6167249,203,196,0.03571428571428571,0.624325025612351
6171524,171,169,0.011834319526627219,0.6873498545991593
6214474,242,233,0.034334763948497854,0.6715561540475599
6352741,237,235,0.00851063829787234,0.5872320975145628
6353469,373,362,0.03038674033149171,0.6095662254310916
6367142,179,178,0.0056179775280898875,0.5170174001743658
6404047,1086,1071,0.014005602240896359,0.6280205271026899
6405424,222,209,0.05263157894736842,0.5211500416218833
6413446,547,534,0.024344569288389514,0.5759772954237984
6440616,200,193,0.031088082901554404,0.7312603275623988
6452357,126,124,0.016129032258064516,0.45605259431485645
6459347,123,123,0.0,0.6749485577105528
6468823,260,258,0.007751937984496124,0.5454859153091886
6473780,120,116,0.034482758620689655,0.5360856466207806
6474473,189,183,0.0273224043715847,0.5080322489208688
6484829,386,372,0.03225806451612903,0.6518440693126908
6487769,474,470,0.00851063829787234,0.6197711199787589
6503304,148,144,0.020833333333333332,0.5057924565426095
6516294,291,280,0.02142857142857143,0.9254576849857028
6519169,189,184,0.021739130434782608,0.5659784839704908
6519309,123,115,0.05217391304347826,0.5203655531939693
6539433,208,193,0.07253886010362694,0.5261773090094315
6540963,348,336,0.02976190476190476,0.5853774876257731
6575472,478,457,0.0262582056892779,0.6537052875174124
6578764,46,46,0.0,0.31445242203459955
6594322,276,267,0.0299625468164794,0.6361258001233333
6598753,71,70,0.014285714285714285,0.36461453547187384
6609446,185,181,0.016574585635359115,1.033810342149085
6612075,225,219,0.0182648401826484,0.7866141324514323
6614484,929,911,0.019758507135016465,0.48394470136962553
6615954,1872,1810,0.03038674033149171,0.4019266970512063
6615960,586,574,0.020905923344947737,0.5508279465157125
6619139,116,113,0.008849557522123894,0.691255133837864
6624139,258,249,0.028112449799196786,0.5959305031759095
6631477,392,384,0.020833333333333332,0.5268297872936152
6635056,73,69,0.057971014492753624,0.43544001179446834
6635485,562,549,0.020036429872495445,0.7681421108688213
6637143,263,254,0.027559055118110236,0.597194342403266
6637432,251,241,0.04149377593360996,0.5593745795294406
6653165,231,215,0.04186046511627907,0.5617461060405412
6672740,96,95,0.010526315789473684,0.48954833768168443
6677263,500,491,0.014256619144602852,0.6543661986618956
6678634,968,941,0.02763018065887354,0.47907150304217494
6681004,635,622,0.02090032154340836,0.5863766528628811
6694344,264,263,0.0038022813688212928,0.6735651071072468
6697947,630,591,0.043993231810490696,0.5386013401807659
6728625,492,491,0.002036659877800407,0.5447707314867078
6731453,194,193,0.0051813471502590676,0.5202629428912985
6749683,356,350,0.008571428571428572,0.6560602137145028
6759550,182,180,0.011111111111111112,0.6767718598817792
6771261,136,131,0.030534351145038167,0.5639861320483484
6774552,243,235,0.03404255319148936,0.4615820889611551
6802812,180,179,0.00558659217877095,0.5513747298426555
6813365,338,330,0.021212121212121213,0.5414344282251449
6845113,516,508,0.015748031496062992,0.5583483803671322
6847140,184,183,0.00546448087431694,0.5756065433574167
6847707,68,68,0.0,0.49160121562835185
6863959,700,689,0.015965166908563134,0.47943152085486396
6878869,505,497,0.01609657947686117,0.5360234935450192
6885893,130,127,0.023622047244094488,0.5345735443452316
6887889,237,234,0.01282051282051282,0.7510834242216844
6887914,227,221,0.02262443438914027,0.6328084143063291
6891743,68,66,0.030303030303030304,0.4392660160239187
6892254,215,208,0.028846153846153848,0.6249243891527384
6893495,200,196,0.02040816326530612,0.6512504148203964
6893611,215,202,0.0594059405940594,0.7473283521693532
6930101,159,153,0.0392156862745098,0.7426981165946304
6950173,182,167,0.08383233532934131,0.6313547002300774
6956842,317,313,0.012779552715654952,0.5571894165043381
6957721,79,79,0.0,0.4651190878981183
6961709,705,679,0.03240058910162003,0.5272411967812152
6962366,91,90,0.011111111111111112,0.6495002177224647
6973140,196,190,0.015789473684210527,0.606843039157386
6981563,81,79,0.02531645569620253,0.4041670674406833
6998389,193,186,0.026881720430107527,0.6378198103992229
6998867,76,76,0.0,0.49535744441117296
6999309,197,193,0.02072538860103627,0.6526757158836476
7009195,229,218,0.03669724770642202,0.5835106228448669
7014680,201,200,0.005,0.5237494492293522
7015028,93,90,0.022222222222222223,0.5256356939406754
7033990,219,214,0.02336448598130841,0.625628239134348
7045536,272,265,0.026415094339622643,0.6009131111149232
7045855,311,311,0.0,0.7307050361486612
7059777,180,176,0.011363636363636364,0.5869313834213371
7064338,97,96,0.010416666666666666,0.4668732547674874
7079968,145,140,0.02857142857142857,0.5472628536588678
7080937,126,121,0.04132231404958678,0.5128852755228711
7083953,242,240,0.008333333333333333,0.5940276570992664
7095272,378,372,0.016129032258064516,0.6214616963014159
7098149,313,303,0.0297029702970297,0.6210503717098569
7113348,217,215,0.009302325581395349,0.5541383389630741
7130836,380,371,0.018867924528301886,0.7666043534071821
7136330,463,441,0.02040816326530612,0.6032818428760809
7140024,550,540,0.016666666666666666,0.6376441829976695
7142930,256,241,0.04979253112033195,0.5940223817905311
7155198,409,383,0.05483028720626632,0.5916150346507073
7158643,1126,1086,0.03406998158379374,0.5024458872714973
7182371,258,250,0.028,0.7173775931412671
7187050,727,716,0.012569832402234637,0.47552209628449615
7189021,121,109,0.05504587155963303,0.49442779564618067
7191171,125,118,0.0423728813559322,0.4686464670848497
7192784,170,156,0.04487179487179487,0.7511803860048125
7194792,101,97,0.041237113402061855,0.6152946050935909
7202054,200,200,0.0,0.5443590307746946
7203678,220,217,0.009216589861751152,0.5476514106305289
7212464,2106,2041,0.02939735423811857,0.36950309505028067
7221885,1252,1221,0.025389025389025387,0.5091254451464631
7222459,328,320,0.021875,0.5904322381968238
7223228,269,259,0.03088803088803089,0.6240735195538022
7235833,296,290,0.020689655172413793,0.5772682533828067
7241477,52,52,0.0,0.46211045142400753
7252264,482,466,0.027896995708154508,0.5306964410710593
7256668,93,92,0.010869565217391304,0.7100174681073104
7261794,69,69,0.0,0.4578908676695658
7267875,243,231,0.03896103896103896,0.6081419512358452
7268200,961,952,0.009453781512605041,0.5334848945200367
7269715,447,439,0.018223234624145785,0.5677207939326895
7282840,569,557,0.02154398563734291,0.5674458836046045
7282993,119,114,0.03508771929824561,0.5193065571428356
7284966,2106,2024,0.03458498023715415,0.30888445593019526
7290752,344,333,0.024024024024024024,0.791928462748721
7291976,346,342,0.011695906432748537,0.5518395239026511
7294256,277,273,0.014652014652014652,0.5682777111501831
7294428,104,102,0.0196078431372549,0.46674524732878697
7314841,217,214,0.014018691588785047,0.4870557131133735
7319351,255,241,0.04149377593360996,0.630337102225917
7332433,175,172,0.01744186046511628,0.5456628071984234
7332519,60,58,0.034482758620689655,0.6438694753089074
7337074,10,10,0.0,0.0
7340987,476,465,0.023655913978494623,0.7638667281642038
7341059,136,130,0.023076923076923078,0.4896413358692571
7342038,95,93,0.021505376344086023,0.39835832483627515
7342347,436,428,0.016355140186915886,0.5816988250361242
7345750,444,439,0.011389521640091117,0.593157150598509
7355954,102,102,0.0,0.4310872496834917
7363628,213,207,0.024154589371980676,0.5568925866787079
7381901,106,103,0.02912621359223301,0.4487409052068377
7389248,104,102,0.0196078431372549,0.48443805610401
7389255,298,283,0.0353356890459364,0.6069055424176265
7391044,503,481,0.037422037422037424,0.6020371618260274
7589353,132,125,0.048,0.5066137423424389
7595256,715,703,0.017069701280227598,0.5326833326889002
7597548,148,142,0.04225352112676056,0.5266529921397801
7602232,592,576,0.022569444444444444,0.5676982635878348
7620204,399,391,0.017902813299232736,0.5534668704247684
7621391,165,160,0.025,0.4450815429285475
7646351,180,172,0.040697674418604654,0.5917206548138517
7649140,437,428,0.016355140186915886,0.5970194104107053
7654407,130,127,0.023622047244094488,0.5424381717178521
7655602,159,158,0.006329113924050633,0.5295694209479436
7681372,238,231,0.021645021645021644,0.5604584622478717
7681954,263,260,0.011538461538461539,0.7112598680324713
7684477,286,281,0.017793594306049824,0.5386013804424603
7692875,274,267,0.02247191011235955,0.5905441609351212
7697088,396,379,0.03430079155672823,0.6109734168498658
7707197,761,722,0.0443213296398892,0.5965635662348218
7717295,231,223,0.03587443946188341,0.6219311261235451
7744413,2112,2009,0.051269288203086114,0.3832446654306085
7762325,88,84,0.047619047619047616,0.6138292345604777
7791735,148,147,0.006802721088435374,0.6207955361219988
7806502,115,113,0.017699115044247787,0.4953045649459438
7817870,163,163,0.0,0.8599280136638833
7856142,91,91,0.0,0.4615384615384616
7885564,161,156,0.03205128205128205,0.5842184537584479
7899096,258,249,0.0321285140562249,0.6668854545963527
7932677,106,102,0.0392156862745098,0.5275099575875617
7934476,953,938,0.015991471215351813,0.43528923053253377
7935300,132,130,0.015384615384615385,0.5234526270738658
7937195,298,288,0.034722222222222224,0.581048661222385
7973895,601,590,0.01864406779661017,0.47226252572473143
7983104,269,254,0.04330708661417323,0.5523978859522278
7989434,299,294,0.013605442176870748,0.5940712869556242
7991265,77,74,0.04054054054054054,0.4309891325916639
7992129,483,470,0.027659574468085105,0.5822363076165352
7999757,552,546,0.01098901098901099,0.5561533685442045
8035740,90,89,0.011235955056179775,0.42206309350849525
8036244,285,280,0.017857142857142856,0.5502557541115096
8051811,480,461,0.028199566160520606,0.7436117091758558
8052603,209,204,0.024509803921568627,0.6627568187448626
8052658,99,94,0.05319148936170213,0.4612713860182207
8057729,138,133,0.03759398496240601,0.5289701445153779
8087273,229,226,0.01327433628318584,0.6108369733503078
8093529,130,130,0.0,1.0127290779521982
8116334,211,209,0.009569377990430622,0.6035626717333146
8118024,366,355,0.028169014084507043,0.5347351458261885
8118034,92,91,0.01098901098901099,0.6231363992876697
8122594,582,563,0.03374777975133215,0.66226598708133
8125299,153,148,0.033783783783783786,0.5617458648794283
8138563,82,81,0.012345679012345678,0.44573786221425227
8142580,32,32,0.0,0.2808777298169844
8262584,707,679,0.033873343151693665,0.4691164895563424
8281804,399,385,0.02857142857142857,0.6436352407195572
8286686,357,352,0.014204545454545454,0.6948402779680314
8298187,95,94,0.010638297872340425,0.47400259205704265
8307392,474,467,0.014989293361884369,0.587634148092575
8320074,203,197,0.030456852791878174,0.6396281125706108
8326503,208,196,0.05102040816326531,0.685126399648691
8363944,675,638,0.048589341692789965,0.46121620643245465
8381271,70,69,0.014492753623188406,0.5470800395661557
8382000,240,237,0.012658227848101266,0.9624858936325226
8393108,326,320,0.015625,0.5867638921939953
8413266,55,54,0.018518518518518517,0.5211793424309372
8427306,248,241,0.029045643153526972,0.49441649345114375
8427318,136,134,0.014925373134328358,0.5021891386499353
8431523,140,138,0.014492753623188406,0.5471963474912956
8445606,296,285,0.03508771929824561,0.6345669313036271
8487774,20,20,0.0,0.44930501889028573
8521658,141,138,0.021739130434782608,0.6009780350544219
8527623,145,142,0.02112676056338028,0.5368628682528759
8528939,104,102,0.0196078431372549,0.4688888861793806
8528991,122,119,0.01680672268907563,0.4937665730365036
8529772,221,216,0.018518518518518517,0.6294087105172982
8539662,183,179,0.01675977653631285,0.4758172661333835
8549722,254,251,0.01195219123505976,0.5323414099755471
8564086,186,184,0.010869565217391304,0.6094330956641502
8572621,187,179,0.03910614525139665,0.638056536789935
8582452,289,287,0.006968641114982578,0.6537330068178734
8594653,61,60,0.016666666666666666,0.4178776445834838
8599829,185,183,0.01092896174863388,0.6320304658264346
8604084,290,277,0.04332129963898917,0.5631435167996681
8606711,429,406,0.04433497536945813,0.5695369921280483
8617056,53,53,0.0,0.38314994179924844
8624205,74,74,0.0,0.35014848940935256
8632781,560,542,0.03136531365313653,0.5472133220464145
8633954,43,43,0.0,0.34677915470770354
8634196,178,176,0.011363636363636364,0.5128876087760353
8655443,141,138,0.021739130434782608,0.5731567680000336
8659975,1229,1213,0.013190436933223413,0.37845615955663775
8663792,157,155,0.012903225806451613,0.5924026454764068
8664153,280,276,0.014492753623188406,0.551417281508961
8679076,306,300,0.016666666666666666,0.5802788672613165
8679080,92,88,0.03409090909090909,0.45419445690783083
8680455,365,347,0.04899135446685879,0.4745572677342679
8686879,163,159,0.018867924528301886,0.555281968695113
8697263,111,111,0.0,0.4552867783378886
8719826,212,206,0.02912621359223301,0.6360342511649134
8719866,322,311,0.03215434083601286,0.9358200729626102
8719880,453,436,0.02981651376146789,0.5689583337528213
8726149,85,84,0.011904761904761904,0.5509566909163384
8734724,810,785,0.025477707006369428,0.5418795337873026
8754564,81,77,0.05194805194805195,0.6176984399231054
8755366,105,102,0.029411764705882353,0.6105175431107251
8756059,72,69,0.043478260869565216,0.4246217174411249
8764556,538,531,0.013182674199623353,0.5062057266772007
8769360,298,296,0.006756756756756757,0.5621253494059021
8772275,275,272,0.011029411764705883,0.5375718902529061
8782212,325,321,0.012461059190031152,0.598120535186709
8784792,484,463,0.038876889848812095,0.4442492413237666
8790619,183,178,0.028089887640449437,0.7449573855170939
8799555,300,298,0.006711409395973154,0.5992887666339929
8803043,1292,1257,0.027048528241845664,0.364829202953677
8807743,297,287,0.03484320557491289,0.7315363691970683
8819272,359,347,0.0345821325648415,0.6356071438112658
8821461,123,122,0.00819672131147541,0.5920381328222114
8826807,373,370,0.008108108108108109,0.6101361292987584
8829706,71,69,0.014492753623188406,0.7396017899338635
8831057,97,94,0.031914893617021274,0.5843140613520853
8833735,483,469,0.0255863539445629,0.5105350435399489
8842845,211,207,0.01932367149758454,0.5691897790321866
8844364,26,25,0.04,0.2606121704184369
8844365,131,130,0.007692307692307693,0.5710787171085329
8855999,1001,981,0.01834862385321101,0.744378304938641
8856616,1421,1397,0.0164638511095204,0.35496257842783174
8874016,118,117,0.008547008547008548,0.6190110085098678
9561439,167,162,0.030864197530864196,0.6289287110725437
9581718,106,104,0.019230769230769232,0.3771172041632572
9582978,576,568,0.014084507042253521,0.5807324645763912
9586365,78,77,0.012987012987012988,0.6963131989312835
9592772,144,143,0.006993006993006993,0.5202801294873078
9593567,206,206,0.0,0.7716454221693446
9596195,97,95,0.021052631578947368,0.5504598225247544
9600640,124,123,0.008130081300813009,0.6022278519050971
9700191,131,126,0.031746031746031744,0.7577296497663987
9709112,66,63,0.047619047619047616,0.5282705437953743
9709471,264,259,0.015444015444015444,0.7332350399341808
9711469,145,127,0.10236220472440945,0.6661966418598474
9731899,45,45,0.0,0.35132402626147197
9732087,61,61,0.0,0.4758977916209301
9747239,51,49,0.04081632653061224,0.43520206540694933
9752531,204,201,0.014925373134328358,0.6104634708435444
9769346,82,82,0.0,0.4566193480929028
9790023,96,94,0.02127659574468085,0.5981463396963401
9807562,72,71,0.014084507042253521,0.4832671437224407
9810972,136,132,0.030303030303030304,0.5621631259727181
9822404,239,236,0.012711864406779662,0.5663164662109686
9855458,52,51,0.0196078431372549,0.5484665974404606
9867131,133,133,0.0,0.5360875306478198
9877724,284,281,0.010676156583629894,0.5917307545903938
9981016,82,77,0.06493506493506493,0.46687632707383236
9986073,119,117,0.017094017094017096,0.6596341541911582
9994333,99,92,0.03260869565217391,0.6952816699150326
10027950,343,337,0.01483679525222552,0.6683521382915818
10057616,406,395,0.017721518987341773,0.5960238446159144
10067336,316,311,0.01607717041800643,0.5611655719340523
10079921,65,63,0.015873015873015872,0.5297192411538666
10133994,88,87,0.011494252873563218,0.4400989868401774
10148190,337,327,0.01834862385321101,0.4851275241811011
10148721,202,198,0.020202020202020204,0.798185167716395
10165006,532,525,0.011428571428571429,0.4694334942019037
10168606,78,78,0.0,0.5263921606772224
10170004,122,121,0.008264462809917356,0.67700320038633
10183312,239,235,0.01276595744680851,0.6073599418243204
10188040,128,120,0.058333333333333334,0.5051331559186483
10190924,116,116,0.0,0.659834355411533
10191943,52,51,0.0196078431372549,0.49882276827506367
10199792,194,192,0.010416666666666666,0.6313409693365621
10200089,74,72,0.013888888888888888,0.5029424014410352
10206729,107,106,0.009433962264150943,0.7617450896523137
10249742,245,242,0.012396694214876033,0.5614219829368595
10252175,127,123,0.032520325203252036,0.6139973566600332
10281508,119,117,0.017094017094017096,0.54438532234215
10304817,102,101,0.009900990099009901,0.5338794537419408
10366272,69,68,0.014705882352941176,0.47391007306268507
10373643,122,120,0.008333333333333333,0.5844566215397887
10374167,57,56,0.017857142857142856,0.47295743656897393
10383727,43,42,0.023809523809523808,0.4058230351700927
10389401,471,451,0.03547671840354767,0.4815194489664504
10410215,390,364,0.057692307692307696,0.600372825800849
10426077,25,25,0.0,0.4426184712719421
10428928,79,78,0.01282051282051282,0.6992818187112837
10430922,204,203,0.0049261083743842365,0.6405409193100307
10431777,51,50,0.02,0.6364308397335385
10441937,168,166,0.012048192771084338,0.7107977872531184
10444968,780,745,0.032214765100671144,0.47770484933368956
10452611,77,76,0.013157894736842105,0.6280105032329053
10454229,86,83,0.03614457831325301,0.6760485516085093
10455238,121,118,0.025423728813559324,0.6992554298051887
10463279,45,45,0.0,0.5178795552215545
10464167,123,116,0.05172413793103448,0.6463212424844561
10464803,167,165,0.006060606060606061,0.49861462009886665
10465022,170,163,0.04294478527607362,0.7780827419604093
10480574,121,120,0.008333333333333333,0.5818348774631003
10485157,239,238,0.004201680672268907,0.6579336986567587
10489008,104,104,0.0,0.6310778024382943
10496258,178,178,0.0,0.8841635353008664
10498473,245,244,0.004098360655737705,0.5303157727481705
10501693,127,125,0.016,0.7051501390564765
10504112,64,60,0.03333333333333333,0.4794088535240138
10517649,359,358,0.002793296089385475,0.673282579993583
10517849,132,132,0.0,0.6340637963995944
10536378,189,187,0.0106951871657754,0.5497053673684733
10536782,31,31,0.0,0.31530250994363335
10546662,109,109,0.0,0.789500860183761
10629623,198,196,0.01020408163265306,0.7151540118657553
10637464,133,128,0.0390625,0.867037526233169
10677822,116,116,0.0,0.6565074666993652
10682050,298,285,0.03508771929824561,0.7035160069837351
10686444,99,99,0.0,0.36204289851893195
10687556,65,62,0.04838709677419355,0.4419404431723299
10692226,116,116,0.0,0.8445864591905599
10697247,25,25,0.0,0.0
10718914,148,144,0.027777777777777776,0.6271505489547924
10734534,102,100,0.02,0.638196152234767
10746198,246,237,0.0379746835443038,0.590797782430582
10746799,287,285,0.007017543859649123,0.531304455020932
10757079,78,76,0.02631578947368421,0.555548084344001
10761375,18,18,0.0,0.9428090415820632
10771430,482,478,0.008368200836820083,0.45765211130092
10791411,75,75,0.0,0.5172577264338886
10802610,37,36,0.027777777777777776,0.4520548005849746
10814479,67,67,0.0,0.4946723374331687
10816816,82,80,0.025,0.48648657783844323
10819843,156,155,0.0064516129032258064,0.6226533856478877
10822007,246,236,0.0423728813559322,0.8347426776390903
10833526,142,137,0.0364963503649635,0.563213632293981
10837618,84,82,0.012195121951219513,0.6065494727934356
10850294,28,28,0.0,0.32630870898294895
10868402,22,22,0.0,0.4542612748024246
11014388,41,41,0.0,0.4513019041454471
11046572,187,186,0.005376344086021506,0.6069524070593584
11397004,112,111,0.009009009009009009,0.523320930135961
11576237,201,199,0.010050251256281407,0.5910785822420327
11626949,198,197,0.005076142131979695,0.5671134737177714
11627208,152,148,0.02702702702702703,0.5661883299043569
11666032,52,50,0.02,0.6711038584615105
11672129,194,182,0.054945054945054944,0.5812283302742703
11672977,137,136,0.007352941176470588,0.6023742717891647
11689131,56,56,0.0,0.5606901154936164
11689384,94,90,0.044444444444444446,0.6458076254271906
11717778,443,431,0.027842227378190254,0.6469543287118484
11726243,15,15,0.0,0.3254626336861513
11741146,155,154,0.006493506493506494,0.5772279796924944
11761100,47,46,0.021739130434782608,0.561503295992904
11768375,57,57,0.0,0.5521480161489651
11776186,14,14,0.0,0.2575393768188564
11779746,112,110,0.01818181818181818,0.5761274439155395
11789169,159,155,0.025806451612903226,0.9586538403455453
11789417,48,48,0.0,0.5616156927828213
11795658,126,122,0.03278688524590164,0.6394789947094623
11797688,97,97,0.0,0.5497492551043646
11798530,402,397,0.012594458438287154,0.7864766823435217
11802037,47,46,0.021739130434782608,0.5274815245241774
11811519,235,229,0.017467248908296942,0.5558918194508886
11814993,269,261,0.019157088122605363,0.4717011335811151
11836064,266,262,0.015267175572519083,0.4833274073225911
11838878,68,68,0.0,0.6120633462251989
11840219,175,166,0.04819277108433735,0.4792948227831255
11841844,443,442,0.0022624434389140274,0.5160071894427353
11855719,122,121,0.008264462809917356,0.6054034873567443
11856169,89,88,0.011363636363636364,0.5531429083517923
11866498,37,37,0.0,0.4060175558532739
11868859,43,42,0.023809523809523808,0.5457276250169935
11871035,347,343,0.011661807580174927,0.39788689925371273
11875170,94,91,0.03296703296703297,0.5326236412913075
11876307,32,32,0.0,0.4777665429529546
11876926,294,290,0.013793103448275862,0.5483514835606527
11877515,142,142,0.0,0.5799483495966157
11881554,13,13,0.0,0.2664693550105965
11884748,58,56,0.017857142857142856,0.4724106468558709
11894306,271,269,0.007434944237918215,0.5438129068162865
11895065,83,83,0.0,0.6572966393026566
11899102,277,270,0.014814814814814815,0.5342789997967398
11899664,63,62,0.016129032258064516,0.7333758491076876
11905307,36,36,0.0,0.41573970964154905
11908107,140,138,0.014492753623188406,0.5399492471560389
11912469,52,52,0.0,0.5357963107202294
11916265,161,159,0.006289308176100629,0.5334579583433835
11921257,153,148,0.02702702702702703,0.45603989275103896
11961993,44,44,0.0,0.42199914734037985
11963142,23,23,0.0,0.5187869375557271
11965874,188,187,0.0053475935828877,0.9070382707617844
11996010,53,53,0.0,0.49952032021219667
12003615,274,264,0.03787878787878788,0.6666022843510065
12029806,43,42,0.023809523809523808,0.45121340188698444
12031448,121,117,0.02564102564102564,0.5915271575475203
12032472,145,142,0.02112676056338028,0.6088277151901984
12067722,42,41,0.024390243902439025,0.4774289450601574
12071485,45,45,0.0,0.4873888516577975
12073042,179,171,0.029239766081871343,0.5768303563256162
12113945,92,91,0.01098901098901099,0.5281005209077778
12116313,72,72,0.0,0.5594831138542266
12116984,19,19,0.0,0.5311184387094949
12123899,48,47,0.02127659574468085,0.5422101211487945
12140086,49,48,0.020833333333333332,0.5940192992047403
12156905,242,237,0.02109704641350211,0.5308386001764767
12173874,55,53,0.03773584905660377,0.5956684788026965
12189477,195,193,0.010362694300518135,0.4820369935273578
12207444,86,83,0.024096385542168676,0.5773502691896257
12213063,61,61,0.0,0.5400320528059496
12224475,2,2,0.0,0.0
12226622,78,74,0.04054054054054054,0.6831679637676716
12228960,230,221,0.03619909502262444,0.5348701303594234
12244515,291,286,0.017482517482517484,0.47751155478742546
12246210,39,39,0.0,0.42399168505964624
12269625,69,69,0.0,1.2512619892159138
12272530,124,122,0.01639344262295082,0.48156965091617043
12277228,25,25,0.0,0.5709407441524325
12290895,233,231,0.008658008658008658,0.6558455802000515
12296651,17,17,0.0,0.6355317440318964
12297994,152,148,0.02702702702702703,0.5880284395263479
12308526,117,113,0.035398230088495575,0.4496640992983565
12309105,50,49,0.02040816326530612,0.5753559617824608
12316301,61,60,0.016666666666666666,0.5291625963035168
12319255,119,119,0.0,0.5170719639998065
12321968,49,48,0.020833333333333332,0.47724442576420756
12323648,13,13,0.0,0.6105579948610593
12332204,2,2,0.0,0.0
12358578,23,23,0.0,0.5884465316260055
12358721,39,38,0.02631578947368421,0.5202754831614557
12375817,49,48,0.020833333333333332,0.7340132902094358
12378274,31,30,0.03333333333333333,0.5485978932827569
12385345,30,30,0.0,0.4732863826479693
12387873,64,64,0.0,0.6424545872157934
12392164,36,34,0.058823529411764705,0.5388914922357194
12392823,434,433,0.0023094688221709007,0.5171952933028108
12451505,65,62,0.04838709677419355,0.5435432230475256
12460798,43,43,0.0,0.5796429848216443
12492163,46,46,0.0,0.5698962261014014
12513729,37,37,0.0,0.48569092342515613
12518072,216,214,0.009345794392523364,0.5978320171363406
12519756,53,52,0.019230769230769232,0.6857777126858728
12527182,189,183,0.0273224043715847,0.45410266753704404
12542278,32,30,0.06666666666666667,0.4253481546117003
12547499,24,23,0.043478260869565216,0.4868644955601476
12556240,123,120,0.025,0.44564119397292673
12556244,68,67,0.014925373134328358,0.602876610603245
12569115,17,17,0.0,0.5597375019520652
12573897,100,98,0.02040816326530612,0.6183073669300729
12579105,30,29,0.034482758620689655,0.5041008302500835
12598991,23,23,0.0,0.41371902318196124
12612094,40,40,0.0,0.4667708217101837
12625586,23,23,0.0,0.5653460105781266
12634681,5,5,0.0,0.0
12658903,21,21,0.0,0.5947617141331807
12665897,28,28,0.0,0.5679100860956889
12687431,25,24,0.041666666666666664,0.5209222590751906
12700680,12,12,0.0,0.3563483225498992
12703766,35,35,0.0,0.7712017807220892
12706180,66,64,0.03125,0.6325716748189785
12713891,90,88,0.022727272727272728,0.640951059068152
12716170,49,49,0.0,0.7200351696718349
12789362,29,28,0.03571428571428571,0.49714660589133874
12864252,13,13,0.0,0.37157376272280607
12866118,7,7,0.0,0.3912303982179758
12873054,44,42,0.047619047619047616,0.4297428968653585
12880340,98,98,0.0,0.5806830773478772
12883339,60,60,0.0,0.40734006177385246
12923460,12,12,0.0,0.7745966692414834
12926680,36,36,0.0,0.6046668771221877
12947350,24,24,0.0,0.7401618108041238
12949021,24,24,0.0,0.4479032082388084
12957900,11,11,0.0,0.3401506715249038
12958913,8,8,0.0,0.5590169943749473
12959552,12,12,0.0,0.6324555320336759
12962245,37,37,0.0,0.8739203108308307
12966086,33,30,0.1,0.43121968093205176
12972234,17,17,0.0,0.623147003218459
12992848,19,19,0.0,0.802044171976313
13001816,16,16,0.0,0.45643546458763845
13006784,14,14,0.0,0.7071067811865476
13078631,16,16,0.0,0.38729833462074176
13109544,12,12,0.0,0.5548606765399494
13110566,11,11,0.0,0.5006882315714638
13113158,15,15,0.0,0.6831300510639733
13135838,10,10,0.0,0.7266360849833979
13149344,38,38,0.0,0.4618402309153749
13150804,15,15,0.0,0.21908902300206642
13184092,2,2,0.0,0.0
13187831,9,9,0.0,0.8413197549333739
13202151,2,2,0.0,0.0
13206404,8,8,0.0,0.408248290463863
13206581,1,1,0.0,0.0
13223654,5,5,0.0,0.0
13234520,7,7,0.0,0.5471012044321932
13274110,2,2,0.0,0.0
13276837,1,1,0.0,0.0
13277561,6,6,0.0,0.0
13277746,3,3,0.0,0.0
13294491,1,1,0.0,0.0
13313894,2,2,0.0,0.0
14129347,255,246,0.032520325203252036,0.6370213842233583
