persona_id,domain,archetype,ndcg,hit,stars_ndcg,pairwise_win,revisit_score,model_revisit_signal
HOT-BUD-1478,hotel,Budget Explorer,0.7962504912070935,1.0,0.7804386301345767,1,3.0,0.0418781725888324
COF-WEE-0274,coffee,Weekday Regular,0.8219226322704232,1.0,0.7226574080412,1,2.0,0.0404411764705882
RES-EXP-0626,restaurant,Explorer,0.7331131926029892,1.0,0.7152057679656008,0,4.0,0.0
COF-WEE-0280,coffee,Weekday Regular,0.7620612697144176,1.0,0.6857075270229045,1,2.0,0.0078740157480314
RES-LOY-0533,restaurant,Loyalist,0.7440061670697131,1.0,0.7143895816610062,1,3.0,0.0
COF-WEE-0070,coffee,Weekday Regular,0.8213961723004236,1.0,0.6724534587491984,1,2.0,0.0040485829959514
HOT-LEI-1397,hotel,Leisure Traveler,0.8558981317110649,1.0,0.76888338798216,1,8.0,0.0716009654062751
COF-CAS-0344,coffee,Casual Weekender,0.7849225247542193,1.0,0.6880214671691672,1,6.0,0.0169154228855721
COF-LOY-0011,coffee,Loyalist,0.7107803868720355,1.0,0.9546655768489759,1,2.0,0.0092641146652683
HOT-ONE-1181,hotel,One-Time Tourist (Business),0.7058187254601338,1.0,0.7922911281587534,1,3.0,0.0418781725888324
HOT-ONE-1470,hotel,One-Time Tourist,0.9394447964386393,1.0,0.91841221420892,1,3.0,0.0092641146652683
HOT-ONE-1446,hotel,One-Time Tourist,0.7120097231557067,1.0,0.7621590770864185,1,4.0,0.0825688073394495
HOT-LEI-1293,hotel,Leisure Traveler,0.8210891838872556,1.0,0.9039258131319782,1,6.0,0.0108035111411208
COF-WEE-0248,coffee,Weekday Regular,0.8088044766648308,1.0,0.8646420768384164,1,2.0,0.0167946257197696
COF-CAS-0346,coffee,Casual Weekender,0.7991425537577383,1.0,0.7732808167377111,1,5.0,0.0126488095238095
COF-CAS-0401,coffee,Casual Weekender,0.8254898863857622,1.0,0.7385934714068383,1,4.0,0.0203761755485893
RES-EXP-0599,restaurant,Explorer,0.7698884973597842,1.0,0.7809162335225424,0,6.0,0.0
RES-MIX-0853,restaurant,Mixed / Average,0.8088256460928428,1.0,0.7209055401449327,1,3.0,0.0
COF-CAS-0321,coffee,Casual Weekender,0.8297934644077071,1.0,0.7267692763696806,1,7.0,0.0169154228855721
HOT-ONE-1156,hotel,One-Time Tourist (Business),0.7351630844765339,1.0,0.8375930981931121,1,2.0,0.0189139719341061
COF-WEE-0277,coffee,Weekday Regular,0.8103483726920372,1.0,0.7202032822099341,1,2.0,0.0169154228855721
HOT-LEI-1400,hotel,Leisure Traveler,0.952526330594601,1.0,0.829657992279236,1,5.0,0.0202020202020202
RES-NIG-0983,restaurant,Nightlife Seeker,0.8050163738288141,1.0,0.7083119072661463,1,8.0,0.0
HOT-ONE-1034,hotel,One-Time Tourist (Business),0.7111527264741534,1.0,0.8421694299514151,1,8.0,0.0108035111411208
RES-NIG-0903,restaurant,Nightlife Seeker,0.726872031277476,1.0,0.6823463741276197,0,5.0,0.0
COF-WEE-0262,coffee,Weekday Regular,0.815512926041122,1.0,0.6866647571249539,1,5.0,0.0126488095238095
RES-EXP-0689,restaurant,Explorer,0.671635911335755,1.0,0.7678147730405407,0,5.0,0.0
COF-WEE-0097,coffee,Weekday Regular,0.7703609806161026,1.0,0.7247709759634865,1,2.0,0.0351493848857645
RES-LOY-0516,restaurant,Loyalist,0.8122709018725143,1.0,0.7917518961139041,0,5.0,0.0
COF-CAS-0324,coffee,Casual Weekender,0.8069928593010642,1.0,0.7854808307274047,1,4.0,0.0329985652797704
RES-EXP-0615,restaurant,Explorer,0.7839216509984727,1.0,0.7708321535362418,0,3.0,0.0
COF-WEE-0117,coffee,Weekday Regular,0.7233790476432477,1.0,0.7587677753990043,1,2.0,0.0144404332129963
HOT-LEI-1308,hotel,Leisure Traveler,0.9274473469281453,1.0,0.787239282232354,1,6.0,0.0716009654062751
COF-LOY-0016,coffee,Loyalist,0.703457554117509,1.0,0.7302185397199378,1,2.0,0.0304568527918781
HOT-ONE-1136,hotel,One-Time Tourist (Business),0.7676121140388538,1.0,0.8882700890620313,1,4.0,0.0079413561392791
RES-MIX-0746,restaurant,Mixed / Average,0.8016228606898078,1.0,0.8398050560462841,0,5.0,0.0
RES-EXP-0577,restaurant,Explorer,0.7271061940514645,1.0,0.9714104815574075,0,7.0,0.0
COF-CAS-0381,coffee,Casual Weekender,0.7252329865178853,1.0,0.7116056918106096,1,6.0,0.0126488095238095
RES-NIG-0947,restaurant,Nightlife Seeker,0.7224008264866771,1.0,0.7219454075999837,0,5.0,0.0
RES-LOY-0522,restaurant,Loyalist,0.7629952326313918,1.0,0.8640411425315306,0,5.0,0.0
COF-CAS-0329,coffee,Casual Weekender,0.8508215130339435,1.0,0.942471275030524,1,2.0,0.0092641146652683
COF-WEE-0102,coffee,Weekday Regular,0.8099773637999277,1.0,0.8517880403809295,1,8.0,0.020368574199806
HOT-ONE-1445,hotel,One-Time Tourist,0.8079527907909867,1.0,0.7969125741756304,1,4.0,0.0716009654062751
RES-MIX-0764,restaurant,Mixed / Average,0.7684686905294075,1.0,0.8071370378329061,0,2.0,0.0
COF-LOY-0024,coffee,Loyalist,0.8162107634475121,1.0,0.8276838135665423,0,2.0,0.020368574199806
RES-MIX-0850,restaurant,Mixed / Average,0.8124092480335681,1.0,0.7655926636081949,0,3.0,0.0
COF-INF-0462,coffee,Infrequent Visitor,0.837562288982188,1.0,0.7541294699799758,1,6.0,0.0304568527918781
RES-MIX-0788,restaurant,Mixed / Average,0.7420085765733023,1.0,0.9824386918764944,1,4.0,0.0
HOT-ONE-1157,hotel,One-Time Tourist (Business),0.7114724233384887,1.0,0.8047479802102191,1,3.0,0.0535331905781584
COF-WEE-0228,coffee,Weekday Regular,0.8517582994948709,1.0,0.7235069593570477,1,2.0,0.0126488095238095
HOT-LEI-1262,hotel,Leisure Traveler,0.939706611872813,1.0,0.7578374616599833,1,3.0,0.0069444444444444
COF-CAS-0301,coffee,Casual Weekender,0.7987940662563752,1.0,0.7049214791203693,1,4.0,0.0040485829959514
RES-NIG-0973,restaurant,Nightlife Seeker,0.7659429451385431,1.0,0.7698273938032936,1,7.0,0.0
COF-WEE-0253,coffee,Weekday Regular,0.8845073449272699,1.0,0.7375472896156147,1,2.0,0.0126488095238095
COF-WEE-0157,coffee,Weekday Regular,0.8290863296813777,1.0,0.7015090740926704,1,5.0,0.025283347863993
COF-CAS-0415,coffee,Casual Weekender,0.745570420586059,1.0,0.706274788411617,1,5.0,0.0040485829959514
COF-CAS-0425,coffee,Casual Weekender,0.7901977575274765,1.0,0.6980145710975821,1,5.0,0.0128686327077747
RES-LOY-0539,restaurant,Loyalist,0.8058891910011741,1.0,0.7856092015135995,1,5.0,0.0
HOT-LEI-1280,hotel,Leisure Traveler,0.9553161372364148,1.0,0.8560414772686396,1,2.0,0.0825688073394495
COF-INF-0477,coffee,Infrequent Visitor,0.7529048950316866,1.0,0.7354303587386933,1,7.0,0.0169154228855721
COF-WEE-0242,coffee,Weekday Regular,0.7173729978500397,1.0,0.6598494401702086,0,2.0,0.0040485829959514
COF-LOY-0029,coffee,Loyalist,0.7095200094367518,1.0,0.6833890426589491,0,2.0,0.0126488095238095
RES-MIX-0742,restaurant,Mixed / Average,0.7157519696128916,1.0,0.734791788067994,1,2.0,0.0
COF-WEE-0249,coffee,Weekday Regular,0.7546034387723145,1.0,0.7876178202445988,0,2.0,0.0077041602465331
COF-CAS-0437,coffee,Casual Weekender,0.7443933393277319,1.0,0.7049299406791805,0,6.0,0.0169154228855721
COF-CAS-0431,coffee,Casual Weekender,0.7203028483087288,1.0,0.723466087570166,0,7.0,0.0231729055258467
COF-CAS-0345,coffee,Casual Weekender,0.8008068315464157,1.0,0.6872443374518378,1,5.0,0.0208333333333333
COF-CAS-0337,coffee,Casual Weekender,0.7211023689434664,1.0,0.8306956509981498,1,8.0,0.0374384236453202
RES-EXP-0598,restaurant,Explorer,0.7266501777330607,1.0,0.8257551811842675,0,5.0,0.0
HOT-ONE-1227,hotel,One-Time Tourist (Business),0.6854668960731606,1.0,0.7391125265350099,0,6.0,0.0069444444444444
RES-MIX-0833,restaurant,Mixed / Average,0.7455081059307118,1.0,0.7556877727664068,1,3.0,0.0
COF-WEE-0209,coffee,Weekday Regular,0.770044040584439,1.0,0.7237704887654745,0,5.0,0.0169154228855721
COF-LOY-0004,coffee,Loyalist,0.9285852581972666,1.0,0.7756562955351407,0,2.0,0.0128686327077747
COF-WEE-0243,coffee,Weekday Regular,0.7521057328674357,1.0,0.7939415693667757,0,5.0,0.0185938407902382
RES-MIX-0781,restaurant,Mixed / Average,0.7767047150021007,1.0,0.7396117207856788,1,2.0,0.0
RES-EXP-0670,restaurant,Explorer,0.7700629596275205,1.0,0.7839719130954128,0,3.0,0.0
HOT-LEI-1330,hotel,Leisure Traveler,0.934276354282107,1.0,0.9761285809677488,1,8.0,0.0092641146652683
COF-WEE-0233,coffee,Weekday Regular,0.7992812234091736,1.0,0.9256820023584358,1,2.0,0.0092641146652683
RES-MIX-0705,restaurant,Mixed / Average,0.829648036185235,1.0,0.845718854207163,1,2.0,0.0
COF-CAS-0370,coffee,Casual Weekender,0.8374766385662489,1.0,0.824429487501857,1,8.0,0.020368574199806
RES-EXP-0678,restaurant,Explorer,0.7143567742202699,1.0,0.7945407267656824,0,3.0,0.0
RES-MIX-0725,restaurant,Mixed / Average,0.7339696558596259,1.0,0.9743321857826234,1,3.0,0.0
COF-INF-0486,coffee,Infrequent Visitor,0.9766950538202954,1.0,0.6879968245475263,1,6.0,0.0077041602465331
COF-LOY-0002,coffee,Loyalist,0.8428847791328695,1.0,0.8804289028762043,1,2.0,0.0431818181818181
COF-WEE-0266,coffee,Weekday Regular,0.7546207144847213,1.0,0.7082156415238802,0,3.0,0.0185873605947955
COF-INF-0474,coffee,Infrequent Visitor,0.8049997244511519,1.0,0.775557805694505,0,6.0,0.0185938407902382
COF-INF-0460,coffee,Infrequent Visitor,0.9769135634800452,1.0,0.711663981204695,1,6.0,0.0126488095238095
COF-CAS-0309,coffee,Casual Weekender,0.739309287453554,1.0,0.7643215048085251,1,3.0,0.0304740406320541
COF-WEE-0269,coffee,Weekday Regular,0.7790199281818132,1.0,0.7468633885294942,1,3.0,0.0074468085106382
HOT-ONE-1065,hotel,One-Time Tourist (Business),0.7026513212543645,1.0,0.8065361009499649,0,4.0,0.0716009654062751
RES-LOY-0544,restaurant,Loyalist,0.8203754046810351,1.0,0.7453093164876645,1,3.0,0.0
HOT-LEI-1395,hotel,Leisure Traveler,0.9402200216733075,1.0,0.7973616484184939,1,2.0,0.0418781725888324
COF-CAS-0388,coffee,Casual Weekender,0.810347485249414,1.0,0.7100694201756363,1,3.0,0.0334773218142548
COF-INF-0451,coffee,Infrequent Visitor,0.9532268840519987,1.0,0.7403892799659482,1,7.0,0.0142322097378277
RES-EXP-0662,restaurant,Explorer,0.7337634064751786,1.0,0.7291303950015326,0,4.0,0.0
COF-WEE-0213,coffee,Weekday Regular,0.7155574796687669,1.0,0.6921698294574959,1,3.0,0.0271084337349397
RES-MIX-0862,restaurant,Mixed / Average,0.749236664293914,1.0,0.6955087439479467,1,6.0,0.0
RES-MIX-0755,restaurant,Mixed / Average,0.7517358864351513,1.0,0.7786076829589322,1,3.0,0.0
COF-WEE-0074,coffee,Weekday Regular,0.77292385673994,1.0,0.8207584232150071,1,2.0,0.0142322097378277
RES-MIX-0809,restaurant,Mixed / Average,0.7110412685454329,1.0,0.7661053421370865,1,3.0,0.0
RES-MIX-0738,restaurant,Mixed / Average,0.8052612964064964,1.0,0.7082321895766274,1,3.0,0.0
COF-WEE-0191,coffee,Weekday Regular,0.836328814961607,1.0,0.6813888456282671,0,4.0,0.0204081632653061
HOT-LEI-1304,hotel,Leisure Traveler,0.7745980215168035,1.0,0.8206890038812001,1,2.0,0.0418781725888324
RES-NIG-0955,restaurant,Nightlife Seeker,0.7396906692499906,1.0,0.9387940290199553,1,5.0,0.0
COF-WEE-0216,coffee,Weekday Regular,0.7901439339521743,1.0,0.732439453466477,0,3.0,0.0169154228855721
RES-NIG-0976,restaurant,Nightlife Seeker,0.8194747946630865,1.0,0.7735277181404311,1,8.0,0.0
COF-CAS-0366,coffee,Casual Weekender,0.811619673536597,1.0,0.8342400631574369,1,6.0,0.020368574199806
HOT-ONE-1003,hotel,One-Time Tourist (Business),0.7597206925461439,1.0,0.7797300767067955,1,4.0,0.0441070137382501
HOT-ONE-1052,hotel,One-Time Tourist (Business),0.7411845651231944,1.0,0.7740517688578731,1,7.0,0.0202020202020202
RES-EXP-0583,restaurant,Explorer,0.7846769947678024,1.0,0.7631538939463833,0,3.0,0.0
COF-WEE-0167,coffee,Weekday Regular,0.7986061197771849,1.0,0.7411578859713444,1,2.0,0.0234113712374581
RES-MIX-0824,restaurant,Mixed / Average,0.7304596773576683,1.0,0.742249657133615,1,3.0,0.0
COF-WEE-0180,coffee,Weekday Regular,0.6955064392784627,1.0,0.7528686781808972,1,3.0,0.0210176991150442
COF-WEE-0071,coffee,Weekday Regular,0.7427571696979356,1.0,0.713044792639545,0,2.0,0.0040485829959514
COF-CAS-0298,coffee,Casual Weekender,0.7251261993056268,1.0,0.7024721493121131,1,6.0,0.0185185185185185
RES-EXP-0612,restaurant,Explorer,0.7046909935231832,1.0,0.7002019154112569,0,3.0,0.0
COF-CAS-0331,coffee,Casual Weekender,0.7828769969900113,1.0,0.7271471877547522,0,6.0,0.0144665461121157
RES-MIX-0715,restaurant,Mixed / Average,0.7491331308480492,1.0,0.7015380734405906,1,5.0,0.0
COF-CAS-0304,coffee,Casual Weekender,0.802618592229631,1.0,0.7116264796915799,1,7.0,0.0169154228855721
COF-WEE-0138,coffee,Weekday Regular,0.7027369981532582,1.0,0.6982260149222623,1,2.0,0.029029029029029
HOT-ONE-1049,hotel,One-Time Tourist (Business),0.750851897461161,1.0,0.7551469214175069,1,5.0,0.0193939393939393
RES-LOY-0550,restaurant,Loyalist,0.7561732465991136,1.0,0.7567237819121208,0,8.0,0.0
HOT-LEI-1279,hotel,Leisure Traveler,0.9482439027044511,1.0,0.8501319881136447,1,2.0,0.0335039553280595
RES-EXP-0649,restaurant,Explorer,0.7816255265481542,1.0,0.7218383504111905,0,5.0,0.0
HOT-BUD-1497,hotel,Budget Explorer,0.9276734505387834,1.0,0.7096495043229528,1,5.0,0.0418781725888324
COF-LOY-0010,coffee,Loyalist,0.7624044971697622,1.0,0.7644175757305083,1,5.0,0.0167946257197696
COF-CAS-0296,coffee,Casual Weekender,0.9526881734317685,1.0,0.6780068924771735,1,4.0,0.0204081632653061
RES-MIX-0861,restaurant,Mixed / Average,0.7364458369858328,1.0,0.8422756601502401,1,6.0,0.0
RES-MIX-0783,restaurant,Mixed / Average,0.7327619636984443,1.0,0.8150364406300965,1,1.0,0.0
RES-EXP-0589,restaurant,Explorer,0.7898767807650533,1.0,0.8461514139259972,0,4.0,0.0
HOT-ONE-1016,hotel,One-Time Tourist (Business),0.7765115826907087,1.0,0.7049563618024764,0,3.0,0.0418781725888324
COF-CAS-0428,coffee,Casual Weekender,0.9335986920286338,1.0,0.780194998388636,0,3.0,0.0126488095238095
RES-MIX-0895,restaurant,Mixed / Average,0.7842666043635586,1.0,0.8072801418889793,1,4.0,0.0
HOT-LEI-1360,hotel,Leisure Traveler,0.9551553155156756,1.0,0.7684275036087964,1,2.0,0.0418781725888324
RES-NIG-0984,restaurant,Nightlife Seeker,0.7735862345662918,1.0,0.7661215158005615,1,4.0,0.0
HOT-ONE-1469,hotel,One-Time Tourist,0.9447723915607863,1.0,0.7722135206593251,0,2.0,0.0852503382949932
RES-EXP-0675,restaurant,Explorer,0.7693792978727485,1.0,0.7096645474727489,0,4.0,0.0
COF-WEE-0058,coffee,Weekday Regular,0.7962228843300339,1.0,0.8873782269004249,1,2.0,0.0167946257197696
COF-WEE-0122,coffee,Weekday Regular,0.739945871463104,1.0,0.8318583152025879,1,2.0,0.0351493848857645
COF-WEE-0250,coffee,Weekday Regular,0.8259626200957051,1.0,0.8530566964705036,1,2.0,0.020368574199806
HOT-LEI-1334,hotel,Leisure Traveler,0.9549304367232435,1.0,0.8055891134798122,1,6.0,0.0716009654062751
COF-CAS-0348,coffee,Casual Weekender,0.9633711093440601,1.0,0.7387270221261641,1,4.0,0.025283347863993
RES-EXP-0563,restaurant,Explorer,0.7406891482724492,1.0,0.8410721960057866,0,7.0,0.0
COF-WEE-0276,coffee,Weekday Regular,0.8229862245125769,1.0,0.7610036093843002,0,2.0,0.029029029029029
COF-CAS-0399,coffee,Casual Weekender,0.7944899502393145,1.0,0.7995241629476695,1,8.0,0.0374384236453202
RES-EXP-0600,restaurant,Explorer,0.8064547462930018,1.0,0.7941869570118006,0,5.0,0.0
HOT-BUD-1499,hotel,Budget Explorer,0.9315785418121664,1.0,0.8699583212033588,0,7.0,0.0261282660332541
HOT-ONE-1433,hotel,One-Time Tourist,0.7849957245122662,1.0,0.8189475106460548,1,4.0,0.07083084279737
HOT-LEI-1350,hotel,Leisure Traveler,0.952532484004356,1.0,0.885339469664207,1,8.0,0.0079413561392791
COF-LOY-0005,coffee,Loyalist,0.7258757126243418,1.0,0.6910121377913976,1,2.0,0.0271084337349397
RES-MIX-0759,restaurant,Mixed / Average,0.7180015520283326,1.0,0.735913495461995,1,3.0,0.0
HOT-ONE-1193,hotel,One-Time Tourist (Business),0.7493666346493222,1.0,0.7904540335985198,1,3.0,0.0189139719341061
RES-MIX-0709,restaurant,Mixed / Average,0.6944551705151039,1.0,0.7257558704914934,1,3.0,0.0
RES-MIX-0822,restaurant,Mixed / Average,0.8411776306168158,1.0,0.7127512798168892,1,3.0,0.0
RES-MIX-0735,restaurant,Mixed / Average,0.9577849488913946,1.0,0.7408581862334942,1,3.0,0.0
COF-INF-0493,coffee,Infrequent Visitor,0.9837466750639632,1.0,0.7464184476061829,1,7.0,0.0078740157480314
COF-WEE-0205,coffee,Weekday Regular,0.8120481932117433,1.0,0.713174641969076,1,2.0,0.0169154228855721
COF-CAS-0386,coffee,Casual Weekender,0.8056855362800408,1.0,0.7596690697572956,1,7.0,0.0167946257197696
RES-LOY-0541,restaurant,Loyalist,0.7344171444845171,1.0,0.760651033145312,1,5.0,0.0
COF-WEE-0149,coffee,Weekday Regular,0.7477987663793209,1.0,0.7204760388905493,1,2.0,0.0185938407902382
COF-WEE-0105,coffee,Weekday Regular,0.7875042201728227,1.0,0.7962488773401131,0,5.0,0.0167946257197696
COF-CAS-0420,coffee,Casual Weekender,0.7019734184459455,1.0,0.8173768430162189,0,5.0,0.0374384236453202
COF-WEE-0218,coffee,Weekday Regular,0.7058516596838766,1.0,0.6852555749187922,0,3.0,0.0227272727272727
COF-LOY-0018,coffee,Loyalist,0.8187484061312319,1.0,0.7819526528784817,0,2.0,0.0126488095238095
COF-WEE-0155,coffee,Weekday Regular,0.7814525341353035,1.0,0.8029805208072077,1,2.0,0.0185873605947955
HOT-ONE-1461,hotel,One-Time Tourist,0.8482800236285868,1.0,0.7950231018861635,1,4.0,0.0716009654062751
COF-LOY-0034,coffee,Loyalist,0.707025455586655,1.0,0.6591474258137213,1,2.0,0.0077041602465331
COF-CAS-0393,coffee,Casual Weekender,0.7853458967434419,1.0,0.750187371035571,0,7.0,0.0167946257197696
RES-MIX-0883,restaurant,Mixed / Average,0.7367146984243226,1.0,0.7038982266896447,1,4.0,0.0
RES-LOY-0508,restaurant,Loyalist,0.8150951498480516,1.0,0.7417261207653861,0,6.0,0.0
COF-LOY-0015,coffee,Loyalist,0.7780780632331223,1.0,0.6781144206263576,1,2.0,0.0185938407902382
COF-CAS-0450,coffee,Casual Weekender,0.7330776076911347,1.0,0.7243849672728663,1,7.0,0.0078740157480314
RES-EXP-0565,restaurant,Explorer,0.7091956104929208,1.0,0.8136311231908727,0,2.0,0.0
RES-MIX-0779,restaurant,Mixed / Average,0.7121311932558183,1.0,0.7026836922433342,1,5.0,0.0
RES-MIX-0858,restaurant,Mixed / Average,0.7750169701240152,1.0,0.7959884247636942,1,5.0,0.0
RES-MIX-0754,restaurant,Mixed / Average,0.7633390198858372,1.0,0.7275323055494869,0,2.0,0.0
COF-CAS-0356,coffee,Casual Weekender,0.8461788920200595,1.0,0.6948762480563653,1,5.0,0.0144665461121157
COF-LOY-0042,coffee,Loyalist,0.8487365844160086,1.0,0.6944722847547969,1,2.0,0.0126488095238095
COF-WEE-0288,coffee,Weekday Regular,0.7311977934286752,1.0,0.7072119828273024,0,3.0,0.0077041602465331
RES-NIG-0985,restaurant,Nightlife Seeker,0.8299088222473927,1.0,0.7673975276520084,0,3.0,0.0
COF-WEE-0264,coffee,Weekday Regular,0.8580375555339679,1.0,0.7557781480939579,1,3.0,0.0126488095238095
COF-WEE-0046,coffee,Weekday Regular,0.819093284789898,1.0,0.6981150069454578,1,3.0,0.0077041602465331
RES-EXP-0648,restaurant,Explorer,0.7182327011901739,1.0,0.9645202143708542,0,8.0,0.0
COF-INF-0500,coffee,Infrequent Visitor,0.8353155033212872,1.0,0.7514593306913361,1,7.0,0.0142322097378277
COF-CAS-0362,coffee,Casual Weekender,0.7937691302651301,1.0,0.6917600586537761,1,7.0,0.0208333333333333
RES-MIX-0733,restaurant,Mixed / Average,0.8234148107120584,1.0,0.7181808234724443,1,2.0,0.0
RES-EXP-0570,restaurant,Explorer,0.7199427450165308,1.0,0.8322349726966862,0,3.0,0.0
RES-MIX-0753,restaurant,Mixed / Average,0.7466046477941013,1.0,0.6909054618799327,1,4.0,0.0
RES-NIG-0916,restaurant,Nightlife Seeker,0.8353994276764566,1.0,0.7362119766993602,0,7.0,0.0
RES-NIG-0992,restaurant,Nightlife Seeker,0.7407326680984034,1.0,0.7022458021829144,0,6.0,0.0
HOT-LEI-1288,hotel,Leisure Traveler,0.8586066485315494,1.0,0.8752074055134585,1,7.0,0.0079413561392791
HOT-ONE-1228,hotel,One-Time Tourist (Business),0.7933164337981682,1.0,0.7716445512272331,1,4.0,0.0716009654062751
HOT-BUD-1498,hotel,Budget Explorer,0.9531255923909029,1.0,0.6763124127947866,1,4.0,0.0172744721689059
COF-LOY-0021,coffee,Loyalist,0.8061859936103979,1.0,0.7765424051478642,1,5.0,0.0167946257197696
RES-MIX-0752,restaurant,Mixed / Average,0.7444217182633861,1.0,0.7576302577265348,1,2.0,0.0
COF-INF-0465,coffee,Infrequent Visitor,0.9651890898850867,1.0,0.692611293271355,1,7.0,0.0126488095238095
RES-LOY-0548,restaurant,Loyalist,0.747268559130768,1.0,0.7303474424877326,1,2.0,0.0
COF-INF-0481,coffee,Infrequent Visitor,0.8262082816834807,1.0,0.7774957861881718,0,8.0,0.0374384236453202
RES-EXP-0558,restaurant,Explorer,0.764888643730771,1.0,0.7338383454688328,0,3.0,0.0
COF-INF-0492,coffee,Infrequent Visitor,0.9773289744271747,1.0,0.7610579533946245,1,8.0,0.0167946257197696
COF-CAS-0442,coffee,Casual Weekender,0.9731222662569036,1.0,0.7185837067259422,1,5.0,0.0329985652797704
RES-EXP-0594,restaurant,Explorer,0.7667640328180862,1.0,0.9899624872920165,0,7.0,0.0
RES-EXP-0606,restaurant,Explorer,0.7147990084171395,1.0,0.7155287202470043,0,3.0,0.0
RES-NIG-0915,restaurant,Nightlife Seeker,0.7679755090832677,1.0,0.7713847056509046,1,5.0,0.0
RES-NIG-0905,restaurant,Nightlife Seeker,0.770435837396681,1.0,0.7534247591276663,0,7.0,0.0
HOT-BUD-1474,hotel,Budget Explorer,0.9256041593193275,1.0,0.7525440566998658,1,5.0,0.07083084279737
HOT-ONE-1174,hotel,One-Time Tourist (Business),0.7681522815851902,1.0,0.7172720109279505,1,5.0,0.0716009654062751
COF-CAS-0352,coffee,Casual Weekender,0.972818738892493,1.0,0.8155171134278154,1,5.0,0.020368574199806
COF-WEE-0281,coffee,Weekday Regular,0.803781205089412,1.0,0.6756645868301544,0,5.0,0.0169154228855721
COF-CAS-0446,coffee,Casual Weekender,0.7592722562383323,1.0,0.7486193008123846,0,6.0,0.0351493848857645
COF-WEE-0194,coffee,Weekday Regular,0.6998620839486916,1.0,0.7290758661207625,1,2.0,0.0208333333333333
COF-CAS-0445,coffee,Casual Weekender,0.8186475975626526,1.0,0.741220173586627,1,7.0,0.0169154228855721
RES-EXP-0628,restaurant,Explorer,0.6914801384582737,1.0,0.8577879471897427,1,4.0,0.0
COF-WEE-0214,coffee,Weekday Regular,0.9051631060702119,1.0,0.9458724708732799,1,2.0,0.0092641146652683
RES-NIG-0996,restaurant,Nightlife Seeker,0.7645188096284388,1.0,0.7874162839518433,1,7.0,0.0
COF-WEE-0236,coffee,Weekday Regular,0.7977068487576348,1.0,0.7385038803215898,0,2.0,0.0169154228855721
RES-EXP-0551,restaurant,Explorer,0.7656757370280616,1.0,0.7432959206830343,0,7.0,0.0
COF-WEE-0068,coffee,Weekday Regular,0.7534711518348928,1.0,0.816385021386737,1,2.0,0.0167946257197696
COF-CAS-0349,coffee,Casual Weekender,0.7786668192859013,1.0,0.6911389257375669,1,5.0,0.0169154228855721
COF-INF-0494,coffee,Infrequent Visitor,0.9778480441639313,1.0,0.9078337285390361,1,7.0,0.020368574199806
COF-LOY-0012,coffee,Loyalist,0.8250037566909555,1.0,0.8571210298268777,1,2.0,0.020368574199806
HOT-ONE-1206,hotel,One-Time Tourist (Business),0.8075395690335623,1.0,0.773216923515024,0,7.0,0.0218253968253968
HOT-ONE-1022,hotel,One-Time Tourist (Business),0.7105779803420271,1.0,0.8217776998360711,1,5.0,0.0095168374816983
RES-EXP-0625,restaurant,Explorer,0.7704505202692431,1.0,0.9780211791116754,0,7.0,0.0
RES-NIG-0940,restaurant,Nightlife Seeker,0.7522384525072486,1.0,0.7141008872042693,1,7.0,0.0
HOT-ONE-1114,hotel,One-Time Tourist (Business),0.7257768163536805,1.0,0.7591730252887859,1,2.0,0.0852503382949932
COF-WEE-0096,coffee,Weekday Regular,0.9213849856118205,1.0,0.9454142535252379,1,6.0,0.0092641146652683
COF-LOY-0026,coffee,Loyalist,0.857946102051399,1.0,0.8254727261244253,1,3.0,0.0126488095238095
COF-CAS-0433,coffee,Casual Weekender,0.7573206081131524,1.0,0.8164016349744184,1,7.0,0.020368574199806
RES-LOY-0520,restaurant,Loyalist,0.8006946026189706,1.0,0.7105371263369299,1,6.0,0.0
RES-LOY-0530,restaurant,Loyalist,0.7964430723349909,1.0,0.754929488780993,0,6.0,0.0
HOT-ONE-1449,hotel,One-Time Tourist,0.8359786179758938,1.0,0.9170970759425248,1,3.0,0.0079413561392791
COF-WEE-0252,coffee,Weekday Regular,0.7140526056408246,1.0,0.7724291288785623,1,5.0,0.0169154228855721
HOT-ONE-1036,hotel,One-Time Tourist (Business),0.7364273423268114,1.0,0.915855773622327,1,5.0,0.0074318744838976
HOT-ONE-1144,hotel,One-Time Tourist (Business),0.7097067143100824,1.0,0.8552490135221189,1,8.0,0.0108035111411208
HOT-ONE-1465,hotel,One-Time Tourist,0.8443823906229224,1.0,0.7184491325293085,1,4.0,0.0441070137382501
RES-LOY-0519,restaurant,Loyalist,0.8180192721090546,1.0,0.7867621429333385,0,5.0,0.0
HOT-LEI-1258,hotel,Leisure Traveler,0.9399280171038191,1.0,0.8800640783974385,0,8.0,0.0716009654062751
HOT-LEI-1276,hotel,Leisure Traveler,0.797790993381299,1.0,0.9508209007646208,0,7.0,0.0079413561392791
COF-WEE-0168,coffee,Weekday Regular,0.7566851720339413,1.0,0.8259490811111503,1,2.0,0.0128686327077747
HOT-ONE-1167,hotel,One-Time Tourist (Business),0.782648086238271,1.0,0.7490301704491996,1,3.0,0.0418781725888324
RES-MIX-0885,restaurant,Mixed / Average,0.7210750071732955,1.0,0.7657210975515449,1,6.0,0.0
RES-MIX-0890,restaurant,Mixed / Average,0.7122249684856393,1.0,0.7368854668940352,1,4.0,0.0
HOT-LEI-1318,hotel,Leisure Traveler,0.8054947006629124,1.0,0.8082329839100671,1,7.0,0.0716009654062751
COF-WEE-0137,coffee,Weekday Regular,0.8008806180154745,1.0,0.8371170377190513,1,8.0,0.020368574199806
COF-LOY-0023,coffee,Loyalist,0.7151453988110096,1.0,0.7427071048728017,1,3.0,0.0126488095238095
COF-WEE-0196,coffee,Weekday Regular,0.7159012249624321,1.0,0.7031074820221983,1,3.0,0.0271084337349397
RES-NIG-0967,restaurant,Nightlife Seeker,0.7808067955328075,1.0,0.7548113512884241,1,8.0,0.0
RES-MIX-0818,restaurant,Mixed / Average,0.7026329242046121,1.0,0.9584283474571949,1,4.0,0.0
COF-INF-0496,coffee,Infrequent Visitor,0.743155310850007,1.0,0.6930866179082895,1,7.0,0.0126488095238095
COF-CAS-0417,coffee,Casual Weekender,0.8521387909539619,1.0,0.7980833650577079,1,6.0,0.0167946257197696
RES-MIX-0805,restaurant,Mixed / Average,0.7166316875721044,1.0,0.7728888192674266,1,3.0,0.0
COF-LOY-0041,coffee,Loyalist,0.9183709093402566,1.0,0.8204507627642957,1,3.0,0.020368574199806
COF-WEE-0208,coffee,Weekday Regular,0.7584957250146165,1.0,0.8486884212133852,1,3.0,0.020368574199806
COF-WEE-0162,coffee,Weekday Regular,0.7023123995465006,1.0,0.8150532724078137,1,2.0,0.0374384236453202
COF-WEE-0237,coffee,Weekday Regular,0.8063978926113899,1.0,0.6886439977043681,0,2.0,0.0169154228855721
HOT-ONE-1087,hotel,One-Time Tourist (Business),0.6950892727187018,1.0,0.9072952549531587,1,5.0,0.0079413561392791
HOT-ONE-1014,hotel,One-Time Tourist (Business),0.7232503173923484,1.0,0.7413776115534453,1,7.0,0.0335039553280595
RES-EXP-0651,restaurant,Explorer,0.7011730034676027,1.0,0.7862781926366758,0,3.0,0.0
COF-WEE-0142,coffee,Weekday Regular,0.736545342619356,1.0,0.8296119786347138,1,2.0,0.0167946257197696
COF-CAS-0402,coffee,Casual Weekender,0.7520113282523639,1.0,0.6903601191820355,1,6.0,0.0126488095238095
COF-CAS-0405,coffee,Casual Weekender,0.7976324080581184,1.0,0.7120227021008838,1,6.0,0.0169154228855721
RES-NIG-0980,restaurant,Nightlife Seeker,0.8165502624045139,1.0,0.8268635755961359,1,7.0,0.0
RES-NIG-0963,restaurant,Nightlife Seeker,0.7496104453367263,1.0,0.715776608811452,1,4.0,0.0
COF-WEE-0176,coffee,Weekday Regular,0.7830324767764218,1.0,0.8276095455021604,1,2.0,0.0324561403508771
COF-CAS-0375,coffee,Casual Weekender,0.8233741518349832,1.0,0.9168584394381507,1,7.0,0.020368574199806
COF-CAS-0342,coffee,Casual Weekender,0.7536043826897166,1.0,0.77891614183575,1,6.0,0.0167946257197696
COF-CAS-0327,coffee,Casual Weekender,0.7984597722518202,1.0,0.7163260031884339,1,5.0,0.0078740157480314
HOT-ONE-1197,hotel,One-Time Tourist (Business),0.7404473070600635,1.0,0.7955850038950109,1,6.0,0.0825688073394495
RES-MIX-0716,restaurant,Mixed / Average,0.8218973673115378,1.0,0.7661400181661048,1,5.0,0.0
COF-WEE-0152,coffee,Weekday Regular,0.85044332230457,1.0,0.72354789330384,1,5.0,0.0126488095238095
HOT-BUD-1486,hotel,Budget Explorer,0.9342514814764094,1.0,0.8103645444572358,1,6.0,0.0716009654062751
RES-MIX-0900,restaurant,Mixed / Average,0.7236719342094744,1.0,0.7668031759230299,1,2.0,0.0
RES-MIX-0808,restaurant,Mixed / Average,0.7090893620783829,1.0,0.7281925600437793,1,6.0,0.0
RES-NIG-0910,restaurant,Nightlife Seeker,0.7445771776407809,1.0,0.9820521245863923,1,4.0,0.0
HOT-ONE-1172,hotel,One-Time Tourist (Business),0.7379139662209347,1.0,0.7733614198271704,0,8.0,0.020551649540292
COF-CAS-0318,coffee,Casual Weekender,0.7894083317960869,1.0,0.7248296217554246,0,7.0,0.0169154228855721
COF-LOY-0031,coffee,Loyalist,0.8355449818186191,1.0,0.8376028319031571,1,2.0,0.020368574199806
RES-MIX-0846,restaurant,Mixed / Average,0.7557870211858696,1.0,0.7510682137249673,1,2.0,0.0
COF-WEE-0067,coffee,Weekday Regular,0.7330454721500641,1.0,0.880747428495865,1,2.0,0.0431818181818181
RES-EXP-0641,restaurant,Explorer,0.750460640026978,1.0,0.691895987375367,0,6.0,0.0
RES-MIX-0780,restaurant,Mixed / Average,0.7399099012842159,1.0,0.7402602099307513,0,2.0,0.0
RES-MIX-0830,restaurant,Mixed / Average,0.725199812867587,1.0,0.744035091369849,0,5.0,0.0
COF-CAS-0419,coffee,Casual Weekender,0.7414481843206111,1.0,0.7594548973615586,1,7.0,0.0185185185185185
HOT-LEI-1409,hotel,Leisure Traveler,0.9597926914889998,1.0,0.9903982340150645,0,7.0,0.0092641146652683
HOT-LEI-1253,hotel,Leisure Traveler,0.8631156871130538,1.0,0.9525744067094976,1,5.0,0.0092641146652683
COF-WEE-0086,coffee,Weekday Regular,0.7882753303224515,1.0,0.8229103151771273,0,5.0,0.020368574199806
RES-MIX-0766,restaurant,Mixed / Average,0.722712620695231,1.0,0.7121997316601686,1,2.0,0.0
RES-MIX-0837,restaurant,Mixed / Average,0.7346074321415142,1.0,0.9714690033832329,1,2.0,0.0
COF-CAS-0377,coffee,Casual Weekender,0.8004906171426465,1.0,0.7627597324883904,1,7.0,0.0126488095238095
COF-CAS-0336,coffee,Casual Weekender,0.738540518024105,1.0,0.7345027235517636,1,7.0,0.0304568527918781
RES-NIG-0914,restaurant,Nightlife Seeker,0.7683284329621197,1.0,0.7083380670418814,1,8.0,0.0
COF-WEE-0220,coffee,Weekday Regular,0.7645117464818952,1.0,0.7988892004378719,1,2.0,0.0169154228855721
COF-WEE-0261,coffee,Weekday Regular,0.7389031073389654,1.0,0.7644430464362668,1,3.0,0.0167946257197696
HOT-ONE-1239,hotel,One-Time Tourist (Business),0.7178553605939716,1.0,0.7889364090994789,1,7.0,0.0335039553280595
COF-CAS-0371,coffee,Casual Weekender,0.7620030825380183,1.0,0.7387010936865885,0,6.0,0.0144404332129963
RES-MIX-0714,restaurant,Mixed / Average,0.8404792542939461,1.0,0.6871837744943726,1,2.0,0.0
COF-WEE-0211,coffee,Weekday Regular,0.7983187950987128,1.0,0.7422501970634241,1,3.0,0.0126488095238095
HOT-LEI-1380,hotel,Leisure Traveler,0.9677273669106372,1.0,0.7659398898423495,1,4.0,0.07083084279737
HOT-LEI-1354,hotel,Leisure Traveler,0.9384749906359277,1.0,0.7967007853903949,1,2.0,0.0445168295331161
COF-CAS-0297,coffee,Casual Weekender,0.8118285816144242,1.0,0.7296779731317582,1,3.0,0.0460093896713615
HOT-ONE-1029,hotel,One-Time Tourist (Business),0.6889119095374137,1.0,0.7583201874628558,1,3.0,0.0535331905781584
HOT-LEI-1408,hotel,Leisure Traveler,0.9338961214541317,1.0,0.7076293136763696,1,3.0,0.0418781725888324
COF-WEE-0062,coffee,Weekday Regular,0.7289018130996299,1.0,0.7204935116357092,1,2.0,0.0203761755485893
COF-INF-0473,coffee,Infrequent Visitor,0.95009138628852,1.0,0.671710611029999,1,7.0,0.0234113712374581
RES-NIG-0974,restaurant,Nightlife Seeker,0.8488907197394875,1.0,0.8898797862607807,1,5.0,0.0
COF-WEE-0163,coffee,Weekday Regular,0.6957697202155501,1.0,0.7436115968378773,1,5.0,0.0374384236453202
COF-WEE-0134,coffee,Weekday Regular,0.9191241515158961,1.0,0.6939070429656291,1,5.0,0.0204081632653061
HOT-ONE-1159,hotel,One-Time Tourist (Business),0.6838437270509267,1.0,0.8214372548813724,1,5.0,0.024745269286754
COF-CAS-0350,coffee,Casual Weekender,0.784148391033147,1.0,0.8357346113749726,1,5.0,0.020368574199806
HOT-ONE-1441,hotel,One-Time Tourist,0.8330179995055472,1.0,0.7880666391475738,1,4.0,0.0386178861788617
COF-CAS-0376,coffee,Casual Weekender,0.7375113514025595,1.0,0.7845252655633493,1,3.0,0.0185938407902382
HOT-ONE-1241,hotel,One-Time Tourist (Business),0.7788136379734717,1.0,0.7685324994472476,1,3.0,0.0533661740558292
HOT-ONE-1222,hotel,One-Time Tourist (Business),0.7112054572389379,1.0,0.7832749427183417,0,6.0,0.032826261008807
COF-INF-0475,coffee,Infrequent Visitor,0.9785926837607504,1.0,0.6912346309030157,1,7.0,0.0126488095238095
RES-LOY-0547,restaurant,Loyalist,0.8174605492509468,1.0,0.7214397936011575,0,8.0,0.0
COF-INF-0476,coffee,Infrequent Visitor,0.9609626580241692,1.0,0.8098957098595306,0,5.0,0.0167946257197696
COF-INF-0459,coffee,Infrequent Visitor,0.9781185517048938,1.0,0.8107089839148615,1,7.0,0.0231729055258467
RES-NIG-0921,restaurant,Nightlife Seeker,0.7524189117390659,1.0,0.814134864416595,1,7.0,0.0
HOT-ONE-1128,hotel,One-Time Tourist (Business),0.829003804673435,1.0,0.8304165313885341,0,5.0,0.07083084279737
COF-WEE-0054,coffee,Weekday Regular,0.7752006478781174,1.0,0.8362497239031135,0,3.0,0.0431818181818181
HOT-LEI-1255,hotel,Leisure Traveler,0.7511912343056004,1.0,0.7583766677368049,0,5.0,0.0193939393939393
RES-NIG-0964,restaurant,Nightlife Seeker,0.8405952474503681,1.0,0.7500604764940967,0,7.0,0.0
HOT-LEI-1418,hotel,Leisure Traveler,0.9291204131603454,1.0,0.8749330266559963,0,7.0,0.0079413561392791
HOT-LEI-1299,hotel,Leisure Traveler,0.954147304874111,1.0,0.7988182520499515,0,2.0,0.0326659641728134
COF-WEE-0219,coffee,Weekday Regular,0.8030194189179171,1.0,0.829279692189068,0,3.0,0.020368574199806
RES-MIX-0744,restaurant,Mixed / Average,0.7478995567944283,1.0,0.7216777810154518,0,5.0,0.0
RES-MIX-0844,restaurant,Mixed / Average,0.8292167713160136,1.0,0.6941539663649262,1,4.0,0.0
RES-EXP-0676,restaurant,Explorer,0.7363779059560597,1.0,0.8300713278590328,0,4.0,0.0
COF-WEE-0273,coffee,Weekday Regular,0.8175818561566652,1.0,0.6689268702385428,1,2.0,0.0329985652797704
RES-MIX-0820,restaurant,Mixed / Average,0.8374797275721726,1.0,0.7352508387275853,1,5.0,0.0
HOT-LEI-1430,hotel,Leisure Traveler,0.8628971625114161,1.0,0.7957696104533585,1,3.0,0.044328552803129
COF-WEE-0270,coffee,Weekday Regular,0.7191739811094827,1.0,0.7554855211797215,0,4.0,0.0159010600706713
RES-LOY-0528,restaurant,Loyalist,0.8108829372199132,1.0,0.6984005149725455,0,5.0,0.0
COF-CAS-0338,coffee,Casual Weekender,0.7201518440179843,1.0,0.7356799101593424,1,6.0,0.0169154228855721
COF-LOY-0020,coffee,Loyalist,0.7342475166497504,1.0,0.9143815623473308,1,2.0,0.0092641146652683
COF-WEE-0091,coffee,Weekday Regular,0.7497806620034386,1.0,0.6913877380368476,1,3.0,0.0204081632653061
RES-MIX-0827,restaurant,Mixed / Average,0.7478065054648954,1.0,0.7838978339880623,0,6.0,0.0
HOT-LEI-1271,hotel,Leisure Traveler,0.75824342896063,1.0,0.8261816565946775,1,8.0,0.0092641146652683
HOT-ONE-1047,hotel,One-Time Tourist (Business),0.8161900691345886,1.0,0.8309415309933789,1,3.0,0.07083084279737
HOT-LEI-1346,hotel,Leisure Traveler,0.9316178873330854,1.0,0.8038935386842625,1,7.0,0.0261282660332541
HOT-ONE-1061,hotel,One-Time Tourist (Business),0.6976910952857083,1.0,0.8159830080393984,1,8.0,0.0165289256198347
RES-EXP-0637,restaurant,Explorer,0.7490467765538319,1.0,0.801063310889399,0,2.0,0.0
HOT-LEI-1372,hotel,Leisure Traveler,0.9434950664236372,1.0,0.7776100044445962,0,5.0,0.0716009654062751
RES-EXP-0566,restaurant,Explorer,0.8001119713189544,1.0,0.6901948794697641,0,3.0,0.0
COF-WEE-0179,coffee,Weekday Regular,0.8124475443090813,1.0,0.8540246975654048,0,3.0,0.0167946257197696
HOT-ONE-1194,hotel,One-Time Tourist (Business),0.6907627739011849,1.0,0.7881230079107732,1,7.0,0.0221642764015645
RES-MIX-0790,restaurant,Mixed / Average,0.811180942735629,1.0,0.764367892919762,1,3.0,0.0
HOT-LEI-1404,hotel,Leisure Traveler,0.920206438956193,1.0,0.8189249082851533,0,5.0,0.0261282660332541
RES-NIG-0970,restaurant,Nightlife Seeker,0.7323097570573637,1.0,0.9356417378813883,0,4.0,0.0
HOT-LEI-1398,hotel,Leisure Traveler,0.8143602156945106,1.0,0.8766485732449009,1,8.0,0.0092641146652683
RES-EXP-0639,restaurant,Explorer,0.7241420473314126,1.0,0.7103583597067002,0,3.0,0.0
RES-EXP-0671,restaurant,Explorer,0.7670838004013161,1.0,0.7391437552175364,0,3.0,0.0
HOT-ONE-1012,hotel,One-Time Tourist (Business),0.7110443336303967,1.0,0.78410791577182,1,2.0,0.0852503382949932
HOT-ONE-1140,hotel,One-Time Tourist (Business),0.7458948362141025,1.0,0.8106119824215186,1,6.0,0.024745269286754
HOT-LEI-1277,hotel,Leisure Traveler,0.7818257061226606,1.0,0.9014065515010239,0,7.0,0.0079413561392791
COF-WEE-0181,coffee,Weekday Regular,0.6971284942363506,1.0,0.7213135109792322,1,2.0,0.0351493848857645
HOT-LEI-1307,hotel,Leisure Traveler,0.9509306856716627,1.0,0.7498864143507875,1,2.0,0.0418781725888324
HOT-ONE-1451,hotel,One-Time Tourist,0.9413147232777577,1.0,0.7873963314674085,1,4.0,0.0716009654062751
RES-NIG-0941,restaurant,Nightlife Seeker,0.7955844932921368,1.0,0.8117448987049745,1,5.0,0.0
HOT-LEI-1336,hotel,Leisure Traveler,0.9365540897160852,1.0,0.9472577525999778,0,8.0,0.0092641146652683
COF-CAS-0421,coffee,Casual Weekender,0.7905103203927675,1.0,0.9607833948166682,0,3.0,0.0092641146652683
HOT-ONE-1432,hotel,One-Time Tourist,0.799346203742686,1.0,0.9826209365339625,1,3.0,0.0110091743119266
COF-WEE-0202,coffee,Weekday Regular,0.8230314311874375,1.0,0.776896851387417,1,5.0,0.0231729055258467
COF-CAS-0334,coffee,Casual Weekender,0.780094900068305,1.0,0.7015472997187273,0,7.0,0.0169154228855721
RES-MIX-0842,restaurant,Mixed / Average,0.7248532012105232,1.0,0.8255873146502323,1,5.0,0.0
COF-WEE-0100,coffee,Weekday Regular,0.8189556385408939,1.0,0.9341590373616928,0,3.0,0.0092641146652683
COF-WEE-0140,coffee,Weekday Regular,0.8039340418625291,1.0,0.784482692770451,0,1.0,0.0167946257197696
HOT-LEI-1381,hotel,Leisure Traveler,0.9253901206889898,1.0,0.822112295339886,1,7.0,0.0716009654062751
RES-NIG-0909,restaurant,Nightlife Seeker,0.7800425239270786,1.0,0.7697029640792645,1,6.0,0.0
COF-INF-0499,coffee,Infrequent Visitor,0.790821232574478,1.0,0.7388093419975438,1,7.0,0.0126488095238095
HOT-ONE-1056,hotel,One-Time Tourist (Business),0.6931383121279906,1.0,0.883235573832531,1,8.0,0.0107181136120042
COF-WEE-0141,coffee,Weekday Regular,0.793915126367112,1.0,0.754907772204687,0,2.0,0.0169154228855721
COF-WEE-0118,coffee,Weekday Regular,0.7515208028799725,1.0,0.7410978837884028,0,3.0,0.0204081632653061
RES-MIX-0826,restaurant,Mixed / Average,0.7935062934623649,1.0,0.7467664623781576,0,6.0,0.0
RES-MIX-0872,restaurant,Mixed / Average,0.7545105904016425,1.0,0.7739004352951694,1,5.0,0.0
RES-MIX-0814,restaurant,Mixed / Average,0.7155399361027737,1.0,0.7463848660252647,1,4.0,0.0
RES-EXP-0674,restaurant,Explorer,0.7341021603688239,1.0,0.7349893164371899,0,5.0,0.0
RES-MIX-0767,restaurant,Mixed / Average,0.72291305260009,1.0,0.7095231506957034,1,5.0,0.0
COF-CAS-0325,coffee,Casual Weekender,0.8334157703153559,1.0,0.7977806247580842,1,4.0,0.020368574199806
RES-MIX-0899,restaurant,Mixed / Average,0.8108743487171156,1.0,0.713928850586517,1,7.0,0.0
COF-CAS-0307,coffee,Casual Weekender,0.740214911430498,1.0,0.6967809897484444,1,7.0,0.0304568527918781
COF-LOY-0017,coffee,Loyalist,0.7832954346583215,1.0,0.7938773155769171,1,1.0,0.0334773218142548
COF-WEE-0154,coffee,Weekday Regular,0.853982450409499,1.0,0.8169876947127771,1,2.0,0.0204081632653061
RES-MIX-0708,restaurant,Mixed / Average,0.8500224551537479,1.0,0.7263684429048062,1,5.0,0.0
RES-EXP-0584,restaurant,Explorer,0.6915161605718841,1.0,0.8251028446546191,0,3.0,0.0
COF-CAS-0400,coffee,Casual Weekender,0.7650037357171949,1.0,0.8480558171276041,1,7.0,0.020368574199806
COF-WEE-0082,coffee,Weekday Regular,0.7525616155234066,1.0,0.7244520601855023,0,2.0,0.0078740157480314
HOT-ONE-1457,hotel,One-Time Tourist,0.9376791809290316,1.0,0.7830035427059424,1,3.0,0.020551649540292
RES-MIX-0748,restaurant,Mixed / Average,0.7669706601612714,1.0,0.7587814585499938,1,5.0,0.0
COF-INF-0458,coffee,Infrequent Visitor,0.8191394907066936,1.0,0.7498710274609947,0,7.0,0.0169154228855721
RES-EXP-0630,restaurant,Explorer,0.7375714996465385,1.0,0.6994407944453122,0,4.0,0.0
COF-INF-0483,coffee,Infrequent Visitor,0.8532097185412213,1.0,0.819837955141757,1,8.0,0.0167946257197696
COF-INF-0495,coffee,Infrequent Visitor,0.9545433982520776,1.0,0.71327840857245,1,8.0,0.0144404332129963
RES-EXP-0591,restaurant,Explorer,0.8078221139458933,1.0,0.8025671243330856,1,5.0,0.0
HOT-LEI-1422,hotel,Leisure Traveler,0.9294168330162397,1.0,0.8942450894158357,1,4.0,0.0074318744838976
RES-EXP-0652,restaurant,Explorer,0.8275687001358601,1.0,0.713954324693024,0,4.0,0.0
HOT-ONE-1437,hotel,One-Time Tourist,0.9530625321591967,1.0,0.7926800209741461,1,4.0,0.0716009654062751
COF-WEE-0151,coffee,Weekday Regular,0.8164132762922885,1.0,0.9386974097789716,0,2.0,0.0092641146652683
COF-WEE-0124,coffee,Weekday Regular,0.7102499184463942,1.0,0.7609623229619652,1,2.0,0.0431818181818181
COF-WEE-0170,coffee,Weekday Regular,0.8608947390145132,1.0,0.7496746621066535,0,5.0,0.0126488095238095
RES-NIG-0907,restaurant,Nightlife Seeker,0.7383648570661434,1.0,0.7405542355843383,0,5.0,0.0
HOT-ONE-1129,hotel,One-Time Tourist (Business),0.7197861725386242,1.0,0.8824547523071729,1,6.0,0.0079413561392791
RES-MIX-0772,restaurant,Mixed / Average,0.7545110601462994,1.0,0.7745032097424669,1,2.0,0.0
HOT-ONE-1234,hotel,One-Time Tourist (Business),0.7776595069653374,1.0,0.8087367978083752,1,6.0,0.0716009654062751
HOT-ONE-1455,hotel,One-Time Tourist,0.7564333811269895,1.0,0.8733973787496412,1,3.0,0.0138568129330254
RES-MIX-0888,restaurant,Mixed / Average,0.8697607728917244,1.0,0.6892746181365722,1,2.0,0.0
RES-MIX-0730,restaurant,Mixed / Average,0.7297489526241462,1.0,0.716952781754488,1,6.0,0.0
COF-WEE-0093,coffee,Weekday Regular,0.7544567199530984,1.0,0.8318598512864323,1,2.0,0.0074468085106382
COF-CAS-0387,coffee,Casual Weekender,0.7304548529727298,1.0,0.7361606627767093,1,6.0,0.0040485829959514
COF-CAS-0406,coffee,Casual Weekender,0.7944994400650862,1.0,0.7112180414466955,1,5.0,0.0142322097378277
RES-LOY-0511,restaurant,Loyalist,0.814567756101467,1.0,0.8200532846106587,0,4.0,0.0
RES-NIG-0943,restaurant,Nightlife Seeker,0.7580010968297214,1.0,0.6917165746872884,1,7.0,0.0
RES-NIG-0960,restaurant,Nightlife Seeker,0.7737296350600603,1.0,0.6640356460599558,1,4.0,0.0
COF-CAS-0361,coffee,Casual Weekender,0.80651339043651,1.0,0.750206040734526,1,3.0,0.0185185185185185
RES-MIX-0729,restaurant,Mixed / Average,0.7474929941022336,1.0,0.7346143982914437,1,5.0,0.0
RES-MIX-0803,restaurant,Mixed / Average,0.8113853016764052,1.0,0.7327373175077737,1,7.0,0.0
RES-NIG-0954,restaurant,Nightlife Seeker,0.8256837786609729,1.0,0.7033767433797365,0,5.0,0.0
HOT-LEI-1386,hotel,Leisure Traveler,0.9554879948602736,1.0,0.840519457350981,1,5.0,0.0107181136120042
RES-NIG-0956,restaurant,Nightlife Seeker,0.8051239558305864,1.0,0.8233525829496585,1,2.0,0.0
RES-EXP-0681,restaurant,Explorer,0.7506580768797826,1.0,0.9647386725462531,0,7.0,0.0
COF-CAS-0372,coffee,Casual Weekender,0.6965751574196803,1.0,0.8028543189286622,1,7.0,0.0185873605947955
HOT-ONE-1041,hotel,One-Time Tourist (Business),0.756098866067915,1.0,0.7251556803652804,1,4.0,0.07083084279737
COF-INF-0453,coffee,Infrequent Visitor,0.9739647351130652,1.0,0.7711619095783986,1,8.0,0.0231729055258467
HOT-ONE-1081,hotel,One-Time Tourist (Business),0.723213041639144,1.0,0.9109725874873065,1,4.0,0.0079413561392791
COF-WEE-0267,coffee,Weekday Regular,0.7989659432888986,1.0,0.6977775319553479,1,1.0,0.0404411764705882
RES-EXP-0638,restaurant,Explorer,0.7929970937696833,1.0,0.7066168270786799,0,4.0,0.0
COF-LOY-0006,coffee,Loyalist,0.7274009238856216,1.0,0.8074779096060565,0,2.0,0.020368574199806
HOT-LEI-1268,hotel,Leisure Traveler,0.806145025567739,1.0,0.944804154733706,1,5.0,0.0110091743119266
COF-WEE-0104,coffee,Weekday Regular,0.7008475170650534,1.0,0.7500187760666206,0,2.0,0.0304568527918781
RES-NIG-0959,restaurant,Nightlife Seeker,0.7764400007395627,1.0,0.7565568183538008,1,5.0,0.0
HOT-ONE-1237,hotel,One-Time Tourist (Business),0.7102157975848521,1.0,0.7514752249981232,1,3.0,0.0418781725888324
HOT-LEI-1291,hotel,Leisure Traveler,0.7857069198542064,1.0,0.8728475345927105,1,5.0,0.0386178861788617
COF-CAS-0380,coffee,Casual Weekender,0.80190989593854,1.0,0.6820006776400749,1,4.0,0.0075046904315197
COF-WEE-0283,coffee,Weekday Regular,0.7450514412073369,1.0,0.8026537651541316,1,2.0,0.0210176991150442
COF-CAS-0410,coffee,Casual Weekender,0.7654913588378721,1.0,0.7320291597734168,1,7.0,0.0304568527918781
RES-EXP-0581,restaurant,Explorer,0.729140097599932,1.0,0.7489715774936895,0,5.0,0.0
COF-WEE-0255,coffee,Weekday Regular,0.7984479070035876,1.0,0.8096167518228998,1,7.0,0.0167946257197696
RES-EXP-0554,restaurant,Explorer,0.7963011906691725,1.0,0.814244331691986,0,3.0,0.0
COF-WEE-0206,coffee,Weekday Regular,0.8353733539977214,1.0,0.8131166785729648,1,3.0,0.020368574199806
COF-WEE-0197,coffee,Weekday Regular,0.8101827480741699,1.0,0.7280941772959731,1,3.0,0.0169154228855721
COF-WEE-0265,coffee,Weekday Regular,0.8280877837477414,1.0,0.7297314577650078,1,3.0,0.0126488095238095
RES-MIX-0865,restaurant,Mixed / Average,0.788954363541061,1.0,0.9517421471768948,0,8.0,0.0
RES-MIX-0741,restaurant,Mixed / Average,0.8007606425144055,1.0,0.7439027535775047,1,3.0,0.0
HOT-ONE-1130,hotel,One-Time Tourist (Business),0.7150760998006825,1.0,0.8383974569153153,1,8.0,0.0165289256198347
HOT-ONE-1208,hotel,One-Time Tourist (Business),0.716481688986998,1.0,0.7868726448262761,1,5.0,0.0141509433962264
RES-MIX-0763,restaurant,Mixed / Average,0.7202323242896886,1.0,0.7277954327704448,0,6.0,0.0
COF-WEE-0183,coffee,Weekday Regular,0.8051450374998579,1.0,0.7279575844510786,1,4.0,0.0040485829959514
COF-CAS-0313,coffee,Casual Weekender,0.9602149560747814,1.0,0.7703414957407662,1,7.0,0.0167946257197696
COF-WEE-0221,coffee,Weekday Regular,0.8162092194818512,1.0,0.6831247350928782,1,2.0,0.0126488095238095
COF-CAS-0303,coffee,Casual Weekender,0.7498633736689184,1.0,0.6830899588875204,0,7.0,0.0126488095238095
HOT-LEI-1326,hotel,Leisure Traveler,0.9416059853965858,1.0,0.7559963175791964,1,3.0,0.0852503382949932
COF-WEE-0164,coffee,Weekday Regular,0.9746539237113888,1.0,0.7392692126650013,1,2.0,0.0169154228855721
RES-MIX-0743,restaurant,Mixed / Average,0.7640372713736318,1.0,0.9960681702068835,1,3.0,0.0
RES-MIX-0832,restaurant,Mixed / Average,0.7480746881526,1.0,0.734308962666395,1,6.0,0.0
HOT-LEI-1343,hotel,Leisure Traveler,0.953970255489617,1.0,0.7537003389423296,1,2.0,0.0326659641728134
COF-WEE-0084,coffee,Weekday Regular,0.7878591213437572,1.0,0.7342102672626919,1,1.0,0.0204081632653061
COF-WEE-0128,coffee,Weekday Regular,0.746351009716602,1.0,0.7043936157387978,1,5.0,0.0077041602465331
COF-CAS-0332,coffee,Casual Weekender,0.8268924035424151,1.0,0.7476340640692403,1,7.0,0.0126488095238095
COF-WEE-0169,coffee,Weekday Regular,0.7770621222606486,1.0,0.6939013887823012,0,3.0,0.0271084337349397
COF-WEE-0098,coffee,Weekday Regular,0.7330314347648444,1.0,0.8033084681748167,1,2.0,0.0329985652797704
COF-CAS-0443,coffee,Casual Weekender,0.7935273894709054,1.0,0.7662547676844851,1,7.0,0.0169154228855721
COF-CAS-0385,coffee,Casual Weekender,0.9471586138868049,1.0,0.7263373833755546,1,6.0,0.0126488095238095
COF-WEE-0078,coffee,Weekday Regular,0.7531789694328175,1.0,0.7482476141875167,1,2.0,0.0324561403508771
RES-EXP-0653,restaurant,Explorer,0.7778471773617591,1.0,0.7188404094853396,0,3.0,0.0
HOT-LEI-1261,hotel,Leisure Traveler,0.8387217433791706,1.0,0.8620697501855021,0,5.0,0.07083084279737
RES-EXP-0632,restaurant,Explorer,0.7705902496664528,1.0,0.7413921337351833,0,3.0,0.0
RES-EXP-0645,restaurant,Explorer,0.7302188750353856,1.0,0.6733904249534397,0,5.0,0.0
HOT-LEI-1427,hotel,Leisure Traveler,0.7455875390283689,1.0,0.8248488053293564,0,3.0,0.0069444444444444
RES-MIX-0762,restaurant,Mixed / Average,0.7365216139592556,1.0,0.7455644710436004,1,5.0,0.0
HOT-ONE-1447,hotel,One-Time Tourist,0.9345777100756203,1.0,0.9586017218986757,1,4.0,0.0092641146652683
COF-CAS-0384,coffee,Casual Weekender,0.7785631181265148,1.0,0.804392586236384,1,7.0,0.020368574199806
COF-WEE-0178,coffee,Weekday Regular,0.8121456170049823,1.0,0.6996846320003529,1,5.0,0.0210176991150442
HOT-ONE-1098,hotel,One-Time Tourist (Business),0.8390242130833924,1.0,0.8104549005731813,1,4.0,0.024745269286754
COF-CAS-0306,coffee,Casual Weekender,0.8107066415547206,1.0,0.789353054397085,0,7.0,0.0167946257197696
COF-WEE-0285,coffee,Weekday Regular,0.7246170316272961,1.0,0.758016447368318,1,3.0,0.0329985652797704
RES-EXP-0575,restaurant,Explorer,0.7394746609849596,1.0,0.6896346319075565,0,4.0,0.0
COF-WEE-0130,coffee,Weekday Regular,0.9112188913897137,1.0,0.7078443683585267,1,2.0,0.0324561403508771
COF-INF-0485,coffee,Infrequent Visitor,0.9554602845953496,1.0,0.8094435113372359,1,6.0,0.0074468085106382
COF-INF-0479,coffee,Infrequent Visitor,0.9802383503275411,1.0,0.7360912420823443,1,7.0,0.0203761755485893
RES-EXP-0673,restaurant,Explorer,0.7354143611657672,1.0,0.8248227339500841,0,4.0,0.0
COF-WEE-0234,coffee,Weekday Regular,0.8242504890903498,1.0,0.7260811580435921,1,5.0,0.0126488095238095
RES-LOY-0518,restaurant,Loyalist,0.8332739934826517,1.0,0.8023241642258766,0,5.0,0.0
COF-WEE-0187,coffee,Weekday Regular,0.8449013164994188,1.0,0.6994059648493764,1,2.0,0.0077041602465331
RES-EXP-0578,restaurant,Explorer,0.7408296980806004,1.0,0.7458725667617992,0,6.0,0.0
COF-LOY-0037,coffee,Loyalist,0.7363304882273471,1.0,0.96407118065476,1,2.0,0.0092641146652683
RES-EXP-0593,restaurant,Explorer,0.7066605402068858,1.0,0.701612310352281,0,4.0,0.0
HOT-ONE-1055,hotel,One-Time Tourist (Business),0.7932193125418479,1.0,0.7119807870508774,1,3.0,0.0535331905781584
RES-EXP-0664,restaurant,Explorer,0.6873646183393992,1.0,0.9480866411108292,0,8.0,0.0
COF-WEE-0185,coffee,Weekday Regular,0.7986913510130712,1.0,0.6818451055095065,1,2.0,0.0142180094786729
COF-WEE-0123,coffee,Weekday Regular,0.7063293741960994,1.0,0.7384456971040102,1,2.0,0.0169154228855721
HOT-ONE-1053,hotel,One-Time Tourist (Business),0.7994233840266801,1.0,0.7857479048167041,1,6.0,0.044328552803129
COF-CAS-0414,coffee,Casual Weekender,0.8349946663041551,1.0,0.9638600986009935,1,7.0,0.0092641146652683
COF-WEE-0114,coffee,Weekday Regular,0.7600142541549929,1.0,0.685480104127285,1,2.0,0.0075046904315197
COF-CAS-0424,coffee,Casual Weekender,0.6978068422330277,1.0,0.7665351397955198,1,6.0,0.0231729055258467
RES-LOY-0513,restaurant,Loyalist,0.8181960166816432,1.0,0.7426191905206166,0,4.0,0.0
COF-WEE-0052,coffee,Weekday Regular,0.8058823877152603,1.0,0.8179795229735154,1,3.0,0.0167946257197696
HOT-ONE-1175,hotel,One-Time Tourist (Business),0.7251014865743569,1.0,0.9768896197720204,1,6.0,0.0092641146652683
RES-NIG-0930,restaurant,Nightlife Seeker,0.7664461685105581,1.0,0.719221333003369,1,8.0,0.0
RES-EXP-0654,restaurant,Explorer,0.7260415329512302,1.0,0.6838620388396279,0,4.0,0.0
RES-EXP-0609,restaurant,Explorer,0.7712300017738752,1.0,0.960310882924984,0,7.0,0.0
RES-NIG-0962,restaurant,Nightlife Seeker,0.7861402204649511,1.0,0.7129807914201914,1,4.0,0.0
COF-CAS-0395,coffee,Casual Weekender,0.8416521710299045,1.0,0.6727651587675012,1,5.0,0.0185938407902382
COF-WEE-0278,coffee,Weekday Regular,0.7377017188081122,1.0,0.809603524824474,1,2.0,0.0185873605947955
COF-WEE-0089,coffee,Weekday Regular,0.969536969380892,1.0,0.6943200248110692,1,2.0,0.0234113712374581
RES-EXP-0635,restaurant,Explorer,0.7474632963597893,1.0,0.7375187213105001,0,5.0,0.0
COF-CAS-0291,coffee,Casual Weekender,0.8324606041837386,1.0,0.8143586840947248,1,4.0,0.0126488095238095
RES-EXP-0587,restaurant,Explorer,0.7798067790794225,1.0,0.6890362476078913,0,5.0,0.0
HOT-LEI-1324,hotel,Leisure Traveler,0.8603064623198673,1.0,0.7443125621511026,1,2.0,0.0445168295331161
COF-CAS-0369,coffee,Casual Weekender,0.7122655257967779,1.0,0.7008026785222494,1,5.0,0.0374384236453202
COF-WEE-0258,coffee,Weekday Regular,0.8758405412885225,1.0,0.7546900480369236,0,2.0,0.0126488095238095
COF-WEE-0047,coffee,Weekday Regular,0.7663437218572162,1.0,0.7730728581859053,1,2.0,0.0404411764705882
COF-WEE-0186,coffee,Weekday Regular,0.8241682945004358,1.0,0.8040357262132882,1,3.0,0.020368574199806
COF-CAS-0422,coffee,Casual Weekender,0.7717536116942866,1.0,0.6976240063980559,1,6.0,0.0126488095238095
HOT-ONE-1026,hotel,One-Time Tourist (Business),0.7135855755414757,1.0,0.8231572774281248,0,4.0,0.0095168374816983
HOT-ONE-1134,hotel,One-Time Tourist (Business),0.7160801067771182,1.0,0.8369361718343157,1,8.0,0.0119815668202764
COF-WEE-0212,coffee,Weekday Regular,0.7331828277385316,1.0,0.7204040490616521,1,5.0,0.0271084337349397
HOT-ONE-1202,hotel,One-Time Tourist (Business),0.7063500168342828,1.0,0.8280382741973417,1,7.0,0.0202020202020202
COF-WEE-0112,coffee,Weekday Regular,0.7930179716760383,1.0,0.9711105078802574,1,2.0,0.0092641146652683
RES-NIG-0957,restaurant,Nightlife Seeker,0.785323622882386,1.0,0.6925866409507581,1,7.0,0.0
COF-INF-0457,coffee,Infrequent Visitor,0.9763941363314902,1.0,0.7011985698031051,0,7.0,0.0126488095238095
HOT-LEI-1424,hotel,Leisure Traveler,0.9373082903099298,1.0,0.6776886610424695,0,4.0,0.0193939393939393
RES-EXP-0658,restaurant,Explorer,0.7405093257784939,1.0,0.7020490822089819,0,3.0,0.0
HOT-ONE-1207,hotel,One-Time Tourist (Business),0.7288545749189119,1.0,0.8925983373863783,1,4.0,0.0138568129330254
HOT-LEI-1250,hotel,Leisure Traveler,0.9518494459514466,1.0,0.990404905771122,1,8.0,0.0092641146652683
COF-WEE-0184,coffee,Weekday Regular,0.8252726262765382,1.0,0.845717454515716,1,2.0,0.020368574199806
COF-INF-0480,coffee,Infrequent Visitor,0.9771010836659163,1.0,0.70072655958461,1,7.0,0.0040485829959514
COF-WEE-0095,coffee,Weekday Regular,0.8680175173583431,1.0,0.8152313285295418,1,5.0,0.0126488095238095
COF-CAS-0300,coffee,Casual Weekender,0.6990679915211659,1.0,0.7888567251698154,1,4.0,0.0208333333333333
RES-EXP-0552,restaurant,Explorer,0.7950573564481953,1.0,0.744317209030367,0,4.0,0.0
HOT-ONE-1074,hotel,One-Time Tourist (Business),0.9240426498530504,1.0,0.9548833068964768,1,6.0,0.0092641146652683
COF-CAS-0373,coffee,Casual Weekender,0.8132048099539517,1.0,0.8720515512013904,1,8.0,0.0167946257197696
COF-WEE-0061,coffee,Weekday Regular,0.8178648333673632,1.0,0.697953952934163,1,3.0,0.0126488095238095
COF-CAS-0347,coffee,Casual Weekender,0.7987021551868241,1.0,0.6826599437320411,1,5.0,0.0204081632653061
HOT-ONE-1179,hotel,One-Time Tourist (Business),0.7475475710395643,1.0,0.9647692693631383,1,3.0,0.0079413561392791
COF-WEE-0115,coffee,Weekday Regular,0.8093499675175948,1.0,0.7218828895300153,1,2.0,0.0271084337349397
COF-CAS-0339,coffee,Casual Weekender,0.718378952009507,1.0,0.9503698485510218,0,7.0,0.0092641146652683
COF-LOY-0003,coffee,Loyalist,0.9483010871163191,1.0,0.737058543663096,1,2.0,0.0169154228855721
HOT-ONE-1158,hotel,One-Time Tourist (Business),0.7936977249479149,1.0,0.8363156768273453,1,7.0,0.0825688073394495
COF-CAS-0322,coffee,Casual Weekender,0.7751432504567761,1.0,0.6928959097475609,1,6.0,0.0227272727272727
RES-LOY-0515,restaurant,Loyalist,0.8089873873011427,1.0,0.6980006369574077,0,7.0,0.0
COF-WEE-0073,coffee,Weekday Regular,0.7056838717275503,1.0,0.7968415719499522,1,2.0,0.025283347863993
RES-MIX-0852,restaurant,Mixed / Average,0.7352937173133034,1.0,0.8223160539661335,1,5.0,0.0
COF-CAS-0360,coffee,Casual Weekender,0.7296599860481016,1.0,0.7512113481847972,1,6.0,0.0329985652797704
COF-CAS-0408,coffee,Casual Weekender,0.8507098828522912,1.0,0.8849393345031638,0,7.0,0.020368574199806
COF-CAS-0398,coffee,Casual Weekender,0.8477810364919995,1.0,0.7336915990982179,1,7.0,0.0142180094786729
RES-EXP-0555,restaurant,Explorer,0.7548714809175661,1.0,0.7985278183222894,0,6.0,0.0
RES-NIG-0944,restaurant,Nightlife Seeker,0.8460004957278191,1.0,0.7762002032180525,0,7.0,0.0
RES-NIG-0972,restaurant,Nightlife Seeker,0.7840640449340124,1.0,0.7202968371017417,1,7.0,0.0
HOT-ONE-1466,hotel,One-Time Tourist,0.9333751441811853,1.0,0.837273212277241,0,3.0,0.0306230200633579
RES-NIG-0982,restaurant,Nightlife Seeker,0.7727427024254209,1.0,0.7259637605735546,0,6.0,0.0
COF-WEE-0231,coffee,Weekday Regular,0.7780322267062738,1.0,0.6935742166690484,0,2.0,0.0208333333333333
RES-MIX-0812,restaurant,Mixed / Average,0.728919635623338,1.0,0.8197801731646229,0,5.0,0.0
HOT-LEI-1359,hotel,Leisure Traveler,0.8018691386900412,1.0,0.7347584572475798,0,6.0,0.07083084279737
HOT-ONE-1440,hotel,One-Time Tourist,0.9310168216275737,1.0,0.9122502381656804,1,4.0,0.0092641146652683
COF-WEE-0060,coffee,Weekday Regular,0.905675917071558,1.0,0.7092104422795321,1,5.0,0.0169154228855721
RES-EXP-0677,restaurant,Explorer,0.798263084258729,1.0,0.7135673400568143,0,5.0,0.0
COF-LOY-0013,coffee,Loyalist,0.7684736931126802,1.0,0.7084087086651984,1,2.0,0.0185185185185185
RES-NIG-0987,restaurant,Nightlife Seeker,0.8025470265442622,1.0,0.7471054288783526,0,5.0,0.0
HOT-ONE-1127,hotel,One-Time Tourist (Business),0.7907855574944634,1.0,0.7743462643003054,1,3.0,0.07083084279737
RES-MIX-0882,restaurant,Mixed / Average,0.7540018986807494,1.0,0.7577980073169106,1,3.0,0.0
RES-NIG-0994,restaurant,Nightlife Seeker,0.755288748289079,1.0,0.7762340551964123,0,3.0,0.0
RES-EXP-0586,restaurant,Explorer,0.744187922015973,1.0,0.70136283657227,0,5.0,0.0
HOT-LEI-1256,hotel,Leisure Traveler,0.9475268254022088,1.0,0.7088828499195026,1,5.0,0.07083084279737
COF-WEE-0055,coffee,Weekday Regular,0.7896542869426797,1.0,0.7679367436483431,1,5.0,0.0231729055258467
RES-EXP-0574,restaurant,Explorer,0.7733843628807372,1.0,0.7331564047329626,1,3.0,0.0
COF-CAS-0368,coffee,Casual Weekender,0.8068741135264564,1.0,0.6791320240618939,1,7.0,0.0169154228855721
HOT-ONE-1229,hotel,One-Time Tourist (Business),0.7181119385725809,1.0,0.7640820359469147,1,7.0,0.0069444444444444
HOT-LEI-1285,hotel,Leisure Traveler,0.9407163472734994,1.0,0.801618942864948,1,7.0,0.024745269286754
COF-WEE-0226,coffee,Weekday Regular,0.9003172477578425,1.0,0.9858769967264168,1,2.0,0.0092641146652683
COF-CAS-0341,coffee,Casual Weekender,0.773793122660598,1.0,0.9785638802384852,0,7.0,0.0092641146652683
COF-WEE-0131,coffee,Weekday Regular,0.7292503509964601,1.0,0.6803790952918669,1,2.0,0.0231729055258467
COF-CAS-0389,coffee,Casual Weekender,0.7288656859031443,1.0,0.750147231760321,1,8.0,0.0142180094786729
HOT-ONE-1463,hotel,One-Time Tourist,0.9405984469981671,1.0,0.9301213697632489,1,3.0,0.0110091743119266
COF-WEE-0087,coffee,Weekday Regular,0.679326450894496,1.0,0.7704986349686341,1,3.0,0.0227272727272727
RES-NIG-0936,restaurant,Nightlife Seeker,0.8184235981353517,1.0,0.7720084723897815,0,4.0,0.0
HOT-BUD-1477,hotel,Budget Explorer,0.9317655882152479,1.0,0.8734584536258929,1,6.0,0.0079413561392791
HOT-LEI-1314,hotel,Leisure Traveler,0.9542767595596668,1.0,0.7618890147480901,1,4.0,0.0218253968253968
RES-MIX-0706,restaurant,Mixed / Average,0.7338362616748707,1.0,0.7196605656385416,1,5.0,0.0
HOT-ONE-1123,hotel,One-Time Tourist (Business),0.7545840177518512,1.0,0.7464489048123111,1,8.0,0.0119815668202764
RES-LOY-0523,restaurant,Loyalist,0.8070756040535284,1.0,0.8458007957607011,0,8.0,0.0
COF-INF-0455,coffee,Infrequent Visitor,0.7659569307346707,1.0,0.8354662804346984,1,8.0,0.0167946257197696
HOT-LEI-1383,hotel,Leisure Traveler,0.9587807070856982,1.0,0.896024290602008,1,5.0,0.0079413561392791
HOT-BUD-1485,hotel,Budget Explorer,0.9312383836810283,1.0,0.8466842424845865,1,5.0,0.0218253968253968
RES-MIX-0734,restaurant,Mixed / Average,0.7237551089172072,1.0,0.9611727092741448,1,2.0,0.0
HOT-ONE-1006,hotel,One-Time Tourist (Business),0.8025998446372217,1.0,0.6723829478543331,0,3.0,0.0418781725888324
HOT-LEI-1365,hotel,Leisure Traveler,0.9268883622903331,1.0,0.7637110995949643,1,4.0,0.0193939393939393
HOT-ONE-1099,hotel,One-Time Tourist (Business),0.6845839314034029,1.0,0.7738982023707202,1,6.0,0.0102564102564102
HOT-ONE-1217,hotel,One-Time Tourist (Business),0.7930886969804298,1.0,0.6670589894503419,1,2.0,0.0852503382949932
RES-EXP-0696,restaurant,Explorer,0.7135121191686971,1.0,0.9662547600315409,0,8.0,0.0
HOT-BUD-1493,hotel,Budget Explorer,0.9278648070707581,1.0,0.7853924676531431,1,4.0,0.0533661740558292
